Bus_ID,Month_pur,Year_pur,Month_1st,Year_1st,Odo_1,Month_2nd,Year_2nd,Odo_2,Month_begin,Year_begin,12,13,14,15,16,17,18,19,20,21,22,23,24,25,26,27,28,29,30,31,32,33,34,35,36,37,38,39,40,41,42,43,44,45,46,47,48,49,50,51,52,53,54,55,56,57,58,59,60,61,62,63,64,65,66,67,68,69,70,71,72,73,74,75,76,77,78,79,80,81,82,83,84,85,86,87,88,89,90,91,92,93,94,95,96,97,98,99,100,101,102,103,104,105,106,107,108,109,110,111,112,113,114,115,116,117,118,119,120,121,122,123,124,125,126,127,128
5297,8.0,75.0,4.0,79.0,153400.0,0.0,0.0,0.0,9.0,75.0,2353.0,6299.0,10479.0,15201.0,20326.0,24898.0,29349.0,33304.0,37631.0,42428.0,47023.0,52571.0,58696.0,62776.0,66347.0,69260.0,72025.0,74323.0,76684.0,79403.0,82093.0,84579.0,88054.0,90206.0,92421.0,95127.0,98290.0,100941.0,104241.0,107720.0,110597.0,113442.0,116148.0,118615.0,121528.0,123837.0,126505.0,129204.0,132530.0,135398.0,137763.0,143169.0,148099.0,152557.0,155102.0,158170.0,160852.0,163556.0,164617.0,167907.0,171422.0,173970.0,177107.0,180778.0,183681.0,187447.0,189094.0,190048.0,192754.0,195126.0,197694.0,199558.0,201531.0,204645.0,207186.0,209341.0,211732.0,214472.0,217191.0,219391.0,221571.0,224250.0,227206.0,230095.0,232755.0,234810.0,236725.0,238564.0,239509.0,241008.0,242960.0,244293.0,246425.0,248646.0,250808.0,252472.0,254908.0,256381.0,258012.0,260130.0,262314.0,264886.0,266956.0,269233.0,271299.0,272400.0,273021.0,274910.0,276911.0,278654.0,281388.0,284124.0,285926.0,288240.0,290127.0,291659.0,292939.0,295115.0,296436.0,297957.0,299865.0,301796.0,303258.0,305493.0,307867.0,309853.0,311850.0
5298,8.0,75.0,0.0,0.0,0.0,0.0,0.0,0.0,9.0,75.0,129.0,4372.0,9064.0,13846.0,18251.0,22725.0,27843.0,32508.0,37003.0,41817.0,47203.0,52571.0,57887.0,62468.0,66738.0,71023.0,75818.0,79929.0,83721.0,88008.0,91941.0,95928.0,100400.0,103883.0,108156.0,111865.0,115527.0,120400.0,122983.0,126507.0,130014.0,134470.0,138555.0,142429.0,145344.0,148837.0,152791.0,156433.0,160350.0,163496.0,167134.0,170815.0,174119.0,177999.0,180693.0,182668.0,184031.0,185010.0,185112.0,186981.0,188971.0,191450.0,194235.0,197006.0,201347.0,203901.0,205697.0,205697.0,207358.0,208989.0,210737.0,212592.0,214228.0,216888.0,219800.0,222252.0,224753.0,227475.0,230163.0,231903.0,234135.0,236619.0,238939.0,241522.0,243698.0,246250.0,248907.0,251637.0,252955.0,255869.0,258059.0,260787.0,262065.0,263504.0,265436.0,267143.0,268085.0,270310.0,271850.0,273870.0,275345.0,277605.0,280091.0,281659.0,284185.0,286672.0,288640.0,290485.0,292192.0,293846.0,296824.0,297580.0,298992.0,300619.0,302519.0,304096.0,306799.0,308882.0,310369.0,312719.0,315040.0,316984.0,319330.0,320645.0,322814.0,324812.0,326724.0
5299,8.0,75.0,9.0,79.0,209100.0,0.0,0.0,0.0,9.0,75.0,3246.0,8016.0,12892.0,18412.0,23993.0,29378.0,33604.0,39581.0,44432.0,49761.0,54512.0,60814.0,67007.0,71339.0,76195.0,79982.0,84298.0,89044.0,92851.0,96988.0,100540.0,104535.0,108581.0,112893.0,116904.0,121740.0,125534.0,130463.0,136755.0,142556.0,147314.0,153255.0,158543.0,164203.0,168695.0,173423.0,178899.0,181499.0,184455.0,188193.0,191705.0,195056.0,197357.0,200814.0,203273.0,206259.0,208342.0,209200.0,209200.0,211095.0,213531.0,216105.0,219576.0,222685.0,225275.0,228593.0,230742.0,232464.0,233273.0,235627.0,238118.0,240515.0,242862.0,245949.0,248550.0,250578.0,252678.0,255160.0,255979.0,255979.0,255979.0,256615.0,258992.0,260874.0,262410.0,265027.0,267724.0,270129.0,271539.0,274004.0,276547.0,279028.0,280939.0,283369.0,285233.0,287529.0,289461.0,291830.0,293288.0,295764.0,298095.0,300633.0,303223.0,305011.0,307596.0,309997.0,312091.0,314582.0,316723.0,318822.0,320136.0,320136.0,320163.0,320163.0,321574.0,323450.0,326677.0,328889.0,331458.0,333600.0,335522.0,337600.0,339990.0,341930.0,343613.0,345402.0,346998.0
5300,8.0,75.0,9.0,80.0,215000.0,0.0,0.0,0.0,9.0,75.0,532.0,5916.0,10924.0,15369.0,21457.0,26568.0,29790.0,35774.0,41134.0,46535.0,51614.0,55387.0,59683.0,64573.0,68913.0,72249.0,76424.0,79567.0,83337.0,87297.0,90624.0,93889.0,98082.0,102638.0,106713.0,111076.0,116166.0,120324.0,124412.0,129308.0,133632.0,137936.0,142777.0,147696.0,152119.0,156632.0,161910.0,165955.0,170206.0,173917.0,177528.0,181342.0,185017.0,189173.0,191555.0,193663.0,194819.0,196256.0,198872.0,200768.0,200768.0,200768.0,201290.0,204624.0,207765.0,211395.0,213103.0,213967.0,216947.0,219181.0,222236.0,224514.0,227804.0,230311.0,233347.0,236269.0,241243.0,244254.0,248078.0,250510.0,252705.0,256155.0,260512.0,264436.0,267011.0,268844.0,271296.0,274236.0,276820.0,281454.0,284811.0,287779.0,291326.0,294211.0,297193.0,299079.0,301664.0,305155.0,306777.0,308653.0,311416.0,313426.0,315864.0,317516.0,319357.0,321746.0,323643.0,325224.0,326630.0,328447.0,330061.0,332448.0,334657.0,337126.0,339265.0,340817.0,343933.0,345888.0,348561.0,350557.0,352565.0,354530.0,357341.0,359570.0,361394.0,363184.0,365448.0
5301,8.0,75.0,12.0,78.0,168600.0,0.0,0.0,0.0,9.0,75.0,1667.0,4314.0,7665.0,11590.0,15095.0,18735.0,22240.0,25886.0,29658.0,34096.0,38604.0,44663.0,50579.0,53420.0,58981.0,64007.0,69358.0,74329.0,78810.0,82432.0,87401.0,92433.0,97773.0,103154.0,108590.0,112111.0,116216.0,120369.0,124088.0,127978.0,131339.0,135639.0,139467.0,144219.0,148901.0,152561.0,157211.0,161091.0,165641.0,168526.0,173197.0,177180.0,180721.0,185589.0,188141.0,190830.0,191806.0,194059.0,196371.0,198802.0,200485.0,204741.0,208906.0,213253.0,217658.0,221648.0,223703.0,224645.0,227646.0,230576.0,233777.0,235903.0,237702.0,239369.0,241370.0,243801.0,246580.0,248699.0,250747.0,252850.0,255525.0,257522.0,257522.0,257526.0,257526.0,259320.0,260947.0,263852.0,265377.0,268752.0,271250.0,274064.0,277801.0,280498.0,283767.0,285882.0,288604.0,290992.0,292632.0,294970.0,297019.0,298648.0,300854.0,303031.0,305684.0,309316.0,312868.0,315100.0,316763.0,317925.0,320606.0,323428.0,325526.0,327644.0,329301.0,331345.0,333623.0,335230.0,337605.0,339845.0,341834.0,343345.0,345491.0,347198.0,349063.0,351406.0,353104.0
5302,8.0,75.0,2.0,78.0,128800.0,0.0,0.0,0.0,9.0,75.0,1758.0,7086.0,11997.0,16741.0,21575.0,26537.0,31036.0,36239.0,41101.0,45691.0,51400.0,56715.0,61330.0,65323.0,69707.0,72720.0,77145.0,81364.0,84473.0,88591.0,93301.0,97651.0,101812.0,107437.0,111343.0,114719.0,119302.0,122412.0,123481.0,127479.0,128886.0,133833.0,138301.0,142679.0,146879.0,151131.0,154657.0,158949.0,163709.0,167417.0,171390.0,175828.0,179774.0,184773.0,189713.0,191092.0,192122.0,193065.0,194154.0,198384.0,203617.0,208309.0,212980.0,217454.0,220822.0,224202.0,227438.0,228813.0,231021.0,234615.0,238088.0,240626.0,243593.0,245534.0,249051.0,251705.0,252649.0,253640.0,256661.0,260176.0,262957.0,265502.0,268291.0,270619.0,272453.0,273471.0,275676.0,278330.0,279161.0,280840.0,283438.0,285812.0,287306.0,289604.0,292163.0,294469.0,296759.0,299900.0,301260.0,302456.0,303844.0,305971.0,308094.0,309373.0,310446.0,314609.0,317051.0,318759.0,320625.0,322420.0,324645.0,326099.0,327231.0,329098.0,330605.0,333314.0,335809.0,337645.0,339073.0,341056.0,342949.0,343973.0,345274.0,347195.0,348916.0,351212.0,352845.0
5303,8.0,75.0,12.0,81.0,285900.0,0.0,0.0,0.0,9.0,75.0,2486.0,7110.0,12380.0,18002.0,23211.0,29290.0,33696.0,39938.0,46165.0,52225.0,57879.0,62742.0,68192.0,72749.0,77230.0,81541.0,86337.0,90309.0,93702.0,98666.0,102923.0,107792.0,113097.0,117971.0,122897.0,127544.0,132355.0,137244.0,143151.0,147872.0,153719.0,160378.0,165532.0,170733.0,176315.0,180381.0,185273.0,190369.0,194780.0,199442.0,204645.0,207885.0,207885.0,211740.0,215939.0,216717.0,218128.0,218153.0,218456.0,221974.0,227710.0,231596.0,235699.0,239344.0,242799.0,246131.0,249213.0,250740.0,253408.0,255337.0,258662.0,260377.0,263316.0,266018.0,268847.0,271704.0,273871.0,276322.0,279332.0,280871.0,282963.0,283494.0,283494.0,285510.0,287625.0,290888.0,293337.0,296898.0,298709.0,302382.0,305402.0,308342.0,310911.0,312782.0,315467.0,317972.0,320729.0,322336.0,324147.0,326118.0,328508.0,331398.0,333713.0,335419.0,338133.0,340907.0,342244.0,344985.0,347191.0,348865.0,351057.0,352534.0,354410.0,356685.0,358514.0,360671.0,364360.0,367522.0,368572.0,369151.0,371787.0,373797.0,375822.0,378410.0,380239.0,382154.0,384561.0
5304,8.0,75.0,2.0,82.0,290000.0,0.0,0.0,0.0,9.0,75.0,2145.0,6807.0,12693.0,18325.0,24463.0,30362.0,35816.0,41014.0,47947.0,53176.0,59350.0,64617.0,69681.0,74906.0,77965.0,81318.0,85770.0,88678.0,90345.0,94872.0,98755.0,102865.0,106721.0,110892.0,115407.0,119106.0,124480.0,128471.0,132896.0,137740.0,142490.0,147058.0,152577.0,156911.0,161519.0,166023.0,170828.0,175101.0,180121.0,184908.0,189461.0,194058.0,198057.0,202055.0,204757.0,207612.0,209909.0,211963.0,215088.0,217801.0,220396.0,222666.0,226685.0,229604.0,233155.0,235506.0,237108.0,238487.0,240958.0,243977.0,246822.0,249131.0,251536.0,253710.0,256023.0,258176.0,261499.0,264645.0,268482.0,271241.0,273547.0,276208.0,279165.0,281656.0,284531.0,289491.0,290965.0,295512.0,298355.0,301733.0,305389.0,308947.0,312265.0,316007.0,319051.0,321772.0,323433.0,326368.0,328023.0,329840.0,331975.0,333886.0,335388.0,337201.0,339519.0,342807.0,345686.0,347915.0,349074.0,350663.0,353168.0,357559.0,359217.0,361223.0,362409.0,364484.0,367671.0,369178.0,371016.0,372620.0,374811.0,376954.0,379104.0,380907.0,382664.0,384550.0,386287.0
5305,7.0,75.0,6.0,83.0,387300.0,0.0,0.0,0.0,9.0,75.0,4091.0,8938.0,13106.0,18056.0,23419.0,28431.0,31299.0,35441.0,40007.0,44504.0,50090.0,54365.0,58832.0,62805.0,67552.0,72197.0,77459.0,82572.0,88021.0,94172.0,99717.0,105906.0,111463.0,117672.0,121640.0,127153.0,132397.0,137201.0,143104.0,148645.0,153626.0,159739.0,165473.0,170121.0,175895.0,181428.0,187363.0,192790.0,199123.0,205713.0,212127.0,218505.0,223371.0,229076.0,232224.0,236052.0,240007.0,240586.0,240872.0,244718.0,250776.0,256217.0,260349.0,264320.0,269827.0,275328.0,278577.0,280681.0,283672.0,287326.0,291902.0,294507.0,297580.0,300099.0,303091.0,307010.0,309716.0,313804.0,318602.0,322685.0,326848.0,330953.0,334788.0,337581.0,340531.0,342822.0,344922.0,348509.0,351010.0,353946.0,356765.0,360583.0,364489.0,367351.0,369816.0,372280.0,374383.0,377195.0,378921.0,380812.0,382389.0,385135.0,387282.0,388254.0,389300.0,392881.0,396428.0,398146.0,399248.0,400514.0,402325.0,404009.0,404987.0,408019.0,409623.0,411812.0,414672.0,416642.0,419439.0,421473.0,423175.0,424388.0,426109.0,427598.0,428711.0,430723.0,432552.0
5306,8.0,75.0,7.0,79.0,235400.0,0.0,0.0,0.0,9.0,75.0,3146.0,3146.0,13075.0,18494.0,23495.0,29148.0,34080.0,40138.0,45888.0,50398.0,55350.0,60494.0,65011.0,70746.0,75980.0,82196.0,88723.0,94738.0,100932.0,107541.0,113070.0,119254.0,125543.0,129679.0,135353.0,139440.0,143031.0,147377.0,151335.0,156384.0,160841.0,165661.0,169353.0,174133.0,178827.0,184144.0,188199.0,194167.0,198986.0,203166.0,209209.0,214029.0,219420.0,225913.0,230105.0,233929.0,235339.0,235339.0,238791.0,242799.0,247711.0,251866.0,255128.0,260303.0,264552.0,270168.0,273843.0,275112.0,278784.0,282550.0,286901.0,287751.0,298373.0,302487.0,306790.0,311481.0,315981.0,318724.0,322706.0,327027.0,329984.0,332546.0,336599.0,340466.0,345258.0,350066.0,352514.0,353269.0,355543.0,360850.0,364140.0,369012.0,373645.0,377049.0,379503.0,381730.0,384049.0,385811.0,388288.0,390258.0,392394.0,394011.0,395849.0,396897.0,399927.0,402525.0,405628.0,407516.0,408974.0,410589.0,412113.0,416375.0,419755.0,420815.0,420823.0,421269.0,424397.0,426247.0,429293.0,430517.0,432861.0,434710.0,436028.0,437787.0,439685.0,442313.0,444040.0
5307,8.0,75.0,4.0,81.0,251200.0,0.0,0.0,0.0,9.0,75.0,916.0,916.0,10748.0,15909.0,22365.0,27533.0,32306.0,37543.0,43245.0,48650.0,53953.0,58807.0,64183.0,68293.0,73107.0,76951.0,80710.0,84647.0,87872.0,92231.0,96005.0,99621.0,104653.0,108879.0,113006.0,117662.0,121345.0,126214.0,129866.0,132424.0,135716.0,139664.0,143361.0,147410.0,150905.0,155258.0,159116.0,162475.0,166239.0,170603.0,174306.0,178181.0,181814.0,185515.0,188514.0,192092.0,194370.0,194860.0,195713.0,198569.0,205147.0,208595.0,213129.0,216953.0,220389.0,224189.0,227470.0,227872.0,230144.0,233523.0,236435.0,238410.0,241677.0,244950.0,247460.0,251191.0,253545.0,256827.0,260281.0,263096.0,266671.0,268760.0,271706.0,273806.0,276785.0,278261.0,280697.0,283683.0,285359.0,288512.0,291726.0,295348.0,298300.0,300732.0,303745.0,306353.0,308629.0,312292.0,314195.0,316858.0,318699.0,320853.0,322939.0,324756.0,326632.0,328412.0,328642.0,329371.0,331471.0,333225.0,335464.0,338042.0,339715.0,343085.0,345166.0,347186.0,349093.0,350894.0,353262.0,354826.0,357266.0,359558.0,360307.0,362902.0,365088.0,367823.0,370234.0
5308,7.0,75.0,1.0,80.0,226100.0,0.0,0.0,0.0,9.0,75.0,1137.0,1137.0,5791.0,8352.0,9384.0,12897.0,17418.0,22357.0,27340.0,33115.0,38620.0,43655.0,48800.0,53058.0,58063.0,61403.0,66120.0,70146.0,75557.0,81335.0,86389.0,92023.0,96269.0,100372.0,105671.0,110567.0,115627.0,121220.0,125699.0,130633.0,134703.0,139802.0,143682.0,148962.0,154438.0,159553.0,164117.0,169373.0,174455.0,179406.0,184564.0,189609.0,194109.0,198128.0,201100.0,203723.0,206819.0,209324.0,212405.0,216675.0,220700.0,224348.0,226436.0,230010.0,233039.0,236747.0,240224.0,241360.0,243651.0,246378.0,249284.0,251585.0,254390.0,258113.0,260687.0,263642.0,265784.0,269770.0,272569.0,274882.0,277007.0,279240.0,281444.0,283789.0,286515.0,289550.0,291955.0,296195.0,298247.0,302345.0,304552.0,306944.0,309174.0,311283.0,313657.0,315328.0,317652.0,319931.0,321898.0,324496.0,327119.0,330126.0,332231.0,333993.0,336654.0,338720.0,341572.0,343332.0,344646.0,345906.0,348225.0,351049.0,352791.0,354939.0,356316.0,358416.0,361035.0,363240.0,365372.0,366706.0,369025.0,371273.0,373386.0,375667.0,377932.0,380045.0,382891.0
5309,8.0,75.0,9.0,82.0,300100.0,0.0,0.0,0.0,9.0,75.0,2626.0,2626.0,11481.0,15471.0,21237.0,24740.0,28501.0,32356.0,37944.0,43040.0,48426.0,51679.0,55869.0,60953.0,65454.0,69366.0,73911.0,77840.0,82566.0,87703.0,92887.0,98455.0,102416.0,107194.0,110612.0,114538.0,118360.0,122041.0,126336.0,129469.0,133287.0,137754.0,140919.0,144807.0,149111.0,152959.0,156791.0,161781.0,167674.0,173464.0,179978.0,184367.0,189410.0,192454.0,197041.0,201223.0,205133.0,205697.0,206333.0,209935.0,214057.0,217050.0,221219.0,224710.0,227504.0,231450.0,234369.0,235639.0,238712.0,241525.0,244820.0,246848.0,249350.0,252551.0,254911.0,258291.0,261330.0,263777.0,266529.0,268817.0,271112.0,273771.0,276694.0,279233.0,281677.0,284104.0,286301.0,288923.0,289792.0,291975.0,293968.0,295810.0,297628.0,300017.0,301789.0,304348.0,307127.0,310425.0,311441.0,314223.0,316353.0,318794.0,320952.0,322498.0,324713.0,326987.0,329342.0,330674.0,332433.0,334160.0,336863.0,339330.0,340795.0,342940.0,344495.0,346422.0,348794.0,350668.0,352504.0,354781.0,357748.0,359338.0,361303.0,363343.0,365255.0,367222.0,369580.0
5310,8.0,75.0,12.0,80.0,246600.0,0.0,0.0,0.0,9.0,75.0,182.0,182.0,8242.0,12559.0,16453.0,20700.0,24325.0,29159.0,33100.0,37575.0,42110.0,46706.0,51669.0,56638.0,59330.0,63282.0,66169.0,69075.0,71528.0,74384.0,76685.0,79201.0,81849.0,85422.0,88943.0,94472.0,99413.0,103896.0,107731.0,112062.0,115595.0,120347.0,124680.0,129447.0,134357.0,139334.0,144351.0,150438.0,156083.0,162789.0,168014.0,173082.0,179200.0,185266.0,190619.0,196153.0,199303.0,202311.0,203811.0,207903.0,212174.0,216215.0,220606.0,225726.0,229604.0,233829.0,236352.0,237847.0,240502.0,242813.0,245705.0,246523.0,248906.0,251896.0,254702.0,257524.0,260773.0,263963.0,267486.0,271099.0,274519.0,276628.0,278887.0,281192.0,283210.0,287886.0,292436.0,295612.0,297343.0,300400.0,302663.0,305361.0,309591.0,311462.0,313512.0,317209.0,317329.0,319186.0,320663.0,323224.0,325429.0,327626.0,329991.0,332217.0,334615.0,337286.0,339619.0,341698.0,343681.0,345061.0,347329.0,352123.0,355799.0,358720.0,360504.0,362399.0,365752.0,366360.0,368973.0,371187.0,373685.0,375935.0,378180.0,379761.0,382239.0,384341.0,386242.0
5311,8.0,75.0,7.0,81.0,272500.0,0.0,0.0,0.0,9.0,75.0,2539.0,2539.0,9970.0,11533.0,16321.0,20609.0,24500.0,28920.0,33296.0,37959.0,43040.0,48660.0,53932.0,57734.0,62872.0,68111.0,73755.0,78879.0,84219.0,90271.0,96006.0,102027.0,104204.0,107195.0,111823.0,116434.0,120674.0,125202.0,129458.0,134340.0,138380.0,141929.0,146645.0,151176.0,155612.0,160079.0,163612.0,168880.0,173910.0,178705.0,184185.0,190273.0,195654.0,201192.0,203623.0,205864.0,208176.0,210461.0,212542.0,215933.0,221841.0,223380.0,226194.0,230635.0,235021.0,239217.0,242271.0,243386.0,246073.0,249528.0,252687.0,255049.0,258045.0,261331.0,264362.0,266558.0,269381.0,271517.0,271517.0,274577.0,277413.0,279560.0,281473.0,283559.0,286025.0,289619.0,291420.0,294923.0,297291.0,301215.0,303814.0,306876.0,310225.0,313015.0,314714.0,317209.0,319659.0,322279.0,324307.0,325756.0,327998.0,330612.0,333113.0,335015.0,338083.0,341131.0,343293.0,345731.0,347871.0,350271.0,352347.0,355016.0,356650.0,358942.0,360966.0,362204.0,364598.0,366107.0,369250.0,371344.0,373105.0,375003.0,376612.0,379399.0,381676.0,384072.0,385580.0
5312,8.0,75.0,8.0,84.0,328600.0,0.0,0.0,0.0,9.0,75.0,1640.0,1640.0,11190.0,14683.0,19468.0,25149.0,29625.0,34460.0,38635.0,43918.0,49340.0,54334.0,59744.0,64266.0,68957.0,72642.0,76320.0,79149.0,82135.0,85381.0,87449.0,90258.0,94674.0,98808.0,102969.0,105374.0,107973.0,110869.0,113212.0,115009.0,117891.0,120857.0,124408.0,128830.0,132161.0,136581.0,137998.0,142785.0,148034.0,153070.0,158014.0,163307.0,167320.0,171881.0,175919.0,180618.0,182304.0,184792.0,187805.0,191582.0,197368.0,200743.0,204757.0,208295.0,212966.0,217043.0,220037.0,220935.0,223719.0,226740.0,229494.0,231000.0,234578.0,237336.0,240381.0,243547.0,246098.0,248426.0,251593.0,254139.0,257401.0,259715.0,262697.0,265233.0,267229.0,269543.0,271614.0,274097.0,275372.0,277344.0,279222.0,281493.0,284343.0,286595.0,288955.0,291337.0,293615.0,296056.0,297173.0,299084.0,301729.0,303279.0,305282.0,306948.0,309783.0,312312.0,315360.0,317144.0,318797.0,320666.0,322858.0,323923.0,326174.0,327869.0,327878.0,327939.0,328607.0,330508.0,333075.0,335252.0,337405.0,339215.0,341542.0,344913.0,347319.0,349501.0,351131.0
5313,8.0,75.0,6.0,81.0,260000.0,0.0,0.0,0.0,9.0,75.0,2412.0,2412.0,13436.0,18030.0,19377.0,26008.0,30509.0,36728.0,42302.0,47290.0,50813.0,55445.0,60653.0,64162.0,68280.0,72367.0,75874.0,78936.0,82387.0,86078.0,90661.0,94637.0,98225.0,101956.0,105533.0,110277.0,114367.0,119182.0,123377.0,127219.0,131162.0,135280.0,139700.0,144389.0,150219.0,155475.0,160622.0,164058.0,168205.0,172537.0,176758.0,180687.0,184616.0,189109.0,193423.0,197618.0,200429.0,202289.0,205321.0,210343.0,215791.0,218778.0,222455.0,226521.0,231362.0,234823.0,237304.0,238411.0,240639.0,242922.0,245024.0,246334.0,247940.0,249697.0,251212.0,252644.0,255712.0,260005.0,262721.0,264237.0,265621.0,268464.0,270658.0,272790.0,275093.0,277605.0,280386.0,283911.0,286008.0,288995.0,291649.0,295195.0,297373.0,300293.0,302085.0,305915.0,308435.0,311424.0,312983.0,314151.0,316252.0,318478.0,320644.0,322612.0,325223.0,326341.0,327194.0,329990.0,331720.0,332937.0,334678.0,336015.0,338620.0,341334.0,342684.0,344185.0,347110.0,349893.0,352450.0,354673.0,356855.0,358615.0,361319.0,364393.0,365726.0,365811.0,368314.0
5314,8.0,75.0,3.0,85.0,358600.0,0.0,0.0,0.0,9.0,75.0,2033.0,2033.0,10688.0,13795.0,19005.0,22665.0,26902.0,30402.0,34180.0,37154.0,42275.0,47250.0,52419.0,56702.0,60542.0,64819.0,68360.0,72622.0,76528.0,80947.0,85306.0,89965.0,94795.0,99391.0,104311.0,107546.0,111050.0,115226.0,118248.0,122167.0,125530.0,130565.0,133683.0,137036.0,140201.0,143703.0,146712.0,151302.0,155620.0,160167.0,165030.0,169563.0,173940.0,177990.0,181806.0,186956.0,191173.0,196394.0,201056.0,204533.0,209072.0,212876.0,217999.0,221879.0,225219.0,229416.0,231975.0,233414.0,235802.0,239620.0,242646.0,245242.0,247758.0,251584.0,254071.0,257187.0,259718.0,262674.0,265422.0,267842.0,270113.0,274230.0,277920.0,281634.0,286539.0,288729.0,290910.0,292217.0,292829.0,294127.0,296929.0,298852.0,301967.0,304484.0,306953.0,308481.0,310977.0,313299.0,314930.0,316671.0,318450.0,319408.0,321695.0,323574.0,325173.0,328462.0,330933.0,333043.0,334359.0,335295.0,337557.0,339842.0,341040.0,343009.0,344204.0,346041.0,347872.0,348876.0,350763.0,352623.0,353283.0,358615.0,361319.0,364393.0,365726.0,365811.0,368314.0
5315,8.0,75.0,12.0,80.0,274700.0,0.0,0.0,0.0,9.0,75.0,2372.0,2372.0,13604.0,19068.0,24388.0,29450.0,34842.0,40905.0,46814.0,52613.0,58957.0,64996.0,71098.0,74822.0,78855.0,83135.0,87943.0,92863.0,97533.0,102526.0,107303.0,112865.0,116509.0,119291.0,123324.0,126919.0,130226.0,133601.0,136707.0,140239.0,143196.0,146325.0,150179.0,155569.0,161454.0,165649.0,171424.0,176360.0,182306.0,187989.0,193795.0,198557.0,203255.0,208250.0,214231.0,219392.0,223164.0,227448.0,231781.0,235870.0,239374.0,242598.0,247194.0,251681.0,255246.0,258688.0,261161.0,262681.0,265996.0,268787.0,272196.0,273010.0,275374.0,279367.0,282262.0,285773.0,288766.0,292179.0,294451.0,295677.0,296397.0,298063.0,301681.0,305567.0,309883.0,313601.0,315903.0,318585.0,319266.0,321284.0,322836.0,325206.0,327627.0,330345.0,333438.0,335560.0,337836.0,339985.0,341829.0,343878.0,346069.0,348010.0,350197.0,351857.0,355208.0,357902.0,360172.0,362835.0,365013.0,366806.0,369584.0,371785.0,374283.0,375946.0,378020.0,380191.0,382575.0,384880.0,387624.0,389602.0,391957.0,393740.0,395830.0,398028.0,399429.0,402019.0,404079.0
5316,8.0,75.0,11.0,77.0,121300.0,5.0,82.0,293400.0,9.0,75.0,2487.0,2487.0,11660.0,15498.0,20069.0,24395.0,28369.0,33143.0,37608.0,42295.0,47933.0,53880.0,59851.0,62573.0,66707.0,71273.0,75348.0,80419.0,84894.0,89918.0,94468.0,98670.0,103144.0,107773.0,111627.0,116528.0,120709.0,124953.0,129390.0,132451.0,135517.0,138644.0,141981.0,144916.0,147776.0,151297.0,154907.0,161029.0,166714.0,172843.0,178429.0,183516.0,187870.0,192403.0,198017.0,203283.0,207872.0,211685.0,215951.0,219537.0,224300.0,227841.0,231859.0,235563.0,238658.0,242969.0,245624.0,246619.0,249520.0,252316.0,253586.0,256511.0,259430.0,261871.0,265227.0,267788.0,270106.0,271444.0,273295.0,275662.0,277825.0,280400.0,283708.0,285261.0,287472.0,288948.0,290158.0,291428.0,291428.0,292585.0,294202.0,295687.0,298081.0,300168.0,301877.0,302630.0,304651.0,307905.0,309426.0,311962.0,313931.0,316768.0,319156.0,321408.0,323404.0,324451.0,325523.0,327524.0,329284.0,330755.0,332223.0,335760.0,337327.0,338950.0,340717.0,341330.0,344632.0,346220.0,348264.0,350601.0,353186.0,354175.0,355608.0,357366.0,358528.0,360283.0,362564.0
5317,8.0,75.0,12.0,81.0,292400.0,0.0,0.0,0.0,9.0,75.0,1954.0,1954.0,13579.0,17056.0,21365.0,25807.0,29375.0,34463.0,38932.0,43930.0,48757.0,53809.0,58877.0,63720.0,68805.0,73835.0,79124.0,84381.0,88799.0,93368.0,98382.0,103661.0,109105.0,115267.0,120067.0,125062.0,129267.0,134291.0,137171.0,141608.0,145252.0,150168.0,154064.0,158408.0,162925.0,165504.0,169797.0,175410.0,180488.0,185493.0,190774.0,195182.0,199920.0,203543.0,207505.0,210799.0,213997.0,216169.0,218751.0,222716.0,225129.0,228060.0,232205.0,235089.0,240103.0,244428.0,247432.0,248630.0,251383.0,254152.0,256560.0,259255.0,261729.0,265042.0,267542.0,270864.0,273874.0,277060.0,280504.0,283962.0,288414.0,290363.0,290363.0,291402.0,297189.0,299281.0,300744.0,303185.0,304563.0,305363.0,307627.0,309241.0,312326.0,314711.0,317338.0,320211.0,322827.0,325783.0,327113.0,328913.0,330659.0,332834.0,334648.0,336065.0,338332.0,340363.0,342626.0,344802.0,346593.0,348478.0,350644.0,352901.0,354463.0,356599.0,358847.0,360653.0,363688.0,365689.0,367594.0,369038.0,371526.0,373270.0,375105.0,377611.0,379184.0,382103.0,384186.0
5318,8.0,75.0,7.0,84.0,363200.0,0.0,0.0,0.0,9.0,75.0,741.0,741.0,9059.0,14100.0,18918.0,23108.0,27409.0,31460.0,36282.0,40469.0,45028.0,49282.0,54088.0,58250.0,62577.0,67105.0,70757.0,74287.0,78173.0,81856.0,85345.0,89024.0,92732.0,96956.0,100861.0,105204.0,109920.0,114296.0,118750.0,123171.0,127795.0,133401.0,137506.0,142381.0,147445.0,151890.0,157347.0,161800.0,167325.0,172730.0,177300.0,182394.0,186273.0,191378.0,195036.0,198876.0,202036.0,205598.0,209191.0,212708.0,216994.0,219988.0,223894.0,227939.0,231862.0,235494.0,238751.0,240482.0,243877.0,247293.0,250491.0,253697.0,256868.0,259408.0,261696.0,264129.0,267258.0,270593.0,273600.0,277238.0,280621.0,283192.0,286260.0,289632.0,291994.0,296389.0,300008.0,303768.0,305156.0,308048.0,310209.0,312403.0,315106.0,317748.0,320199.0,322913.0,325324.0,327702.0,329394.0,331127.0,333010.0,335548.0,337265.0,339444.0,341496.0,342999.0,344936.0,346843.0,348267.0,349580.0,351927.0,355404.0,356449.0,358813.0,359895.0,361830.0,363006.0,365027.0,366708.0,369279.0,371891.0,375593.0,376582.0,379712.0,382469.0,384827.0,387153.0
5319,8.0,75.0,4.0,81.0,211500.0,0.0,0.0,0.0,9.0,75.0,1462.0,1462.0,7143.0,8677.0,10942.0,12787.0,14576.0,17044.0,18927.0,21015.0,22165.0,22229.0,22498.0,25011.0,27881.0,31338.0,34405.0,37745.0,40739.0,44294.0,47703.0,51193.0,54070.0,55620.0,57681.0,61760.0,65492.0,67959.0,71505.0,75691.0,80633.0,85804.0,90162.0,95599.0,100732.0,105872.0,111139.0,115703.0,121305.0,126458.0,130281.0,135341.0,140574.0,146848.0,150559.0,153515.0,155969.0,158592.0,160576.0,164449.0,169124.0,172036.0,176071.0,180947.0,185301.0,189183.0,192129.0,193151.0,196272.0,198857.0,201845.0,204330.0,207077.0,209426.0,211207.0,211544.0,211544.0,212915.0,216106.0,220545.0,224057.0,227078.0,230242.0,232359.0,235874.0,239336.0,239336.0,239336.0,239336.0,239336.0,239444.0,241694.0,245098.0,247690.0,250324.0,251806.0,253318.0,255720.0,257250.0,259342.0,260947.0,263321.0,264888.0,266445.0,268873.0,271004.0,272051.0,274391.0,276176.0,277863.0,279617.0,281197.0,282710.0,284213.0,285537.0,287198.0,289791.0,291616.0,293143.0,295111.0,297142.0,298303.0,300220.0,302776.0,304776.0,307116.0,308589.0
5320,8.0,75.0,2.0,85.0,324900.0,0.0,0.0,0.0,9.0,75.0,1321.0,1321.0,6770.0,8604.0,11247.0,13704.0,16067.0,18758.0,21050.0,23443.0,26098.0,29844.0,33414.0,37106.0,39918.0,41607.0,43354.0,46866.0,49790.0,52117.0,54510.0,56197.0,60121.0,64643.0,69912.0,71499.0,75070.0,77722.0,81732.0,84072.0,87908.0,91778.0,95537.0,98929.0,103185.0,106489.0,110961.0,115556.0,119639.0,124311.0,128609.0,131867.0,135667.0,139585.0,144088.0,148375.0,150543.0,153345.0,155587.0,159008.0,161362.0,166145.0,169326.0,173018.0,177013.0,181081.0,184729.0,186148.0,189586.0,192023.0,194812.0,197576.0,201258.0,203715.0,206724.0,209387.0,211917.0,215630.0,218606.0,222154.0,224760.0,227316.0,229867.0,232168.0,234633.0,238744.0,241053.0,245603.0,247703.0,250725.0,254369.0,258766.0,262267.0,265813.0,267909.0,270007.0,273184.0,276131.0,277737.0,279779.0,281973.0,284959.0,286586.0,288476.0,290100.0,291976.0,293744.0,295438.0,297866.0,300086.0,302004.0,303801.0,305662.0,307800.0,309288.0,311021.0,313453.0,314962.0,317056.0,318832.0,321599.0,323722.0,324934.0,326111.0,327650.0,329760.0,332586.0
5321,8.0,75.0,10.0,82.0,263100.0,0.0,0.0,0.0,9.0,75.0,1533.0,1533.0,6609.0,8653.0,10508.0,13053.0,14974.0,17804.0,20037.0,22202.0,24999.0,26701.0,28662.0,31796.0,35284.0,38980.0,42903.0,47807.0,51353.0,55587.0,59590.0,63764.0,69036.0,74136.0,80184.0,83111.0,87331.0,89988.0,93447.0,96187.0,98642.0,102050.0,105419.0,109232.0,112918.0,116804.0,120509.0,125373.0,131128.0,135741.0,139278.0,142609.0,145713.0,149386.0,153362.0,156994.0,158638.0,160849.0,164115.0,167349.0,169649.0,172163.0,174313.0,177990.0,182133.0,186793.0,189780.0,191995.0,195087.0,197618.0,200502.0,202854.0,206327.0,208739.0,210814.0,213805.0,216642.0,219492.0,223094.0,225549.0,228028.0,231192.0,233888.0,236817.0,239492.0,242362.0,244839.0,247139.0,248350.0,250184.0,252104.0,253607.0,255602.0,257991.0,260119.0,261415.0,263694.0,266809.0,268381.0,270163.0,271763.0,273544.0,275687.0,277941.0,280140.0,281509.0,282594.0,284654.0,286299.0,286954.0,288710.0,290173.0,292446.0,294601.0,296220.0,298071.0,300030.0,301366.0,304411.0,306214.0,307997.0,309524.0,310713.0,313222.0,315081.0,316663.0,318717.0
5322,8.0,75.0,4.0,83.0,299200.0,0.0,0.0,0.0,9.0,75.0,921.0,921.0,7380.0,9509.0,12449.0,15030.0,17567.0,20419.0,23425.0,26063.0,29057.0,31858.0,35011.0,38298.0,42973.0,48342.0,53361.0,58000.0,63326.0,68019.0,72163.0,77576.0,81747.0,85699.0,90670.0,96056.0,101515.0,106027.0,110898.0,115422.0,120017.0,125627.0,130309.0,135134.0,140190.0,146374.0,151662.0,156640.0,160979.0,165467.0,169230.0,173818.0,178431.0,182599.0,184702.0,187544.0,190909.0,193437.0,196746.0,200053.0,204059.0,208609.0,212935.0,216414.0,219515.0,222824.0,225627.0,225627.0,228398.0,231795.0,234723.0,237075.0,240524.0,242977.0,245695.0,248734.0,251728.0,254883.0,257666.0,259747.0,261897.0,264295.0,266550.0,268799.0,271280.0,273582.0,275410.0,277701.0,278786.0,280512.0,282238.0,283863.0,285417.0,287180.0,288830.0,290854.0,292272.0,294246.0,296149.0,298262.0,299216.0,299216.0,300464.0,302756.0,306344.0,310181.0,313002.0,315958.0,317638.0,318603.0,320889.0,321451.0,322817.0,325476.0,328255.0,330014.0,330765.0,333026.0,334695.0,336601.0,339838.0,341710.0,342888.0,343794.0,345259.0,347141.0,349474.0
5323,8.0,75.0,8.0,82.0,267600.0,0.0,0.0,0.0,9.0,75.0,1364.0,1364.0,7081.0,8946.0,11514.0,13806.0,15936.0,18488.0,20990.0,23276.0,25572.0,27732.0,30169.0,32928.0,37959.0,42912.0,47538.0,52043.0,56658.0,60778.0,65315.0,69885.0,75412.0,80115.0,85585.0,88414.0,92102.0,95807.0,99454.0,102874.0,105901.0,109147.0,112673.0,117718.0,121654.0,125079.0,128292.0,134104.0,140651.0,146430.0,151448.0,157076.0,162068.0,167428.0,170956.0,173884.0,177277.0,179565.0,183133.0,184472.0,187757.0,191021.0,195176.0,199252.0,202914.0,207049.0,210225.0,211623.0,214406.0,215405.0,215405.0,216825.0,218500.0,221518.0,224162.0,226440.0,229030.0,232176.0,235287.0,239119.0,241988.0,244618.0,246943.0,249878.0,252694.0,255943.0,259487.0,262551.0,263857.0,265438.0,267536.0,267579.0,268202.0,270300.0,272512.0,274823.0,276815.0,279698.0,281268.0,283348.0,285174.0,287037.0,288352.0,289863.0,291641.0,292400.0,293250.0,295858.0,297362.0,298646.0,300394.0,302343.0,305606.0,305703.0,312009.0,314133.0,315114.0,317047.0,319364.0,321296.0,322940.0,325216.0,327046.0,329137.0,331335.0,333785.0,335973.0
5324,8.0,75.0,0.0,0.0,0.0,0.0,0.0,0.0,9.0,75.0,1277.0,1277.0,6620.0,8730.0,11215.0,13429.0,15276.0,17840.0,20108.0,22403.0,24934.0,27237.0,29509.0,32440.0,37632.0,43018.0,48215.0,53639.0,58881.0,63504.0,68860.0,74720.0,78803.0,82133.0,86435.0,90263.0,94490.0,98380.0,101506.0,104884.0,108052.0,111232.0,114881.0,119034.0,121706.0,126251.0,130369.0,136154.0,141746.0,147732.0,154070.0,159399.0,163791.0,169258.0,172919.0,176035.0,177361.0,177481.0,178442.0,181834.0,183838.0,187139.0,191605.0,196022.0,200093.0,203850.0,207053.0,207962.0,211541.0,215283.0,218858.0,221074.0,223785.0,226460.0,229215.0,232247.0,235386.0,238936.0,243137.0,246774.0,249720.0,252084.0,255027.0,257610.0,260013.0,263293.0,266498.0,269888.0,271312.0,273935.0,276175.0,278775.0,281419.0,284986.0,287475.0,290124.0,292586.0,295107.0,296188.0,298506.0,300889.0,303106.0,305199.0,307339.0,308607.0,310823.0,313810.0,315626.0,317011.0,318861.0,321873.0,324087.0,325261.0,326818.0,328400.0,330107.0,333350.0,335555.0,337773.0,339291.0,341130.0,342565.0,343587.0,345185.0,346164.0,347344.0,348475.0
5325,8.0,75.0,1.0,82.0,270600.0,0.0,0.0,0.0,9.0,75.0,1106.0,1106.0,6407.0,8679.0,11445.0,13921.0,16558.0,19537.0,22275.0,24451.0,26478.0,27948.0,29627.0,32625.0,37829.0,43122.0,48619.0,53726.0,59019.0,64543.0,69679.0,73384.0,78759.0,85281.0,91183.0,97588.0,102873.0,107577.0,112771.0,117677.0,122702.0,128873.0,133893.0,138997.0,144074.0,148395.0,153571.0,157600.0,162267.0,166355.0,170223.0,174395.0,178214.0,182697.0,185590.0,188581.0,192165.0,194939.0,198391.0,201827.0,206398.0,208398.0,213438.0,217202.0,220167.0,223022.0,227324.0,228970.0,232811.0,238147.0,242757.0,246631.0,251096.0,255338.0,255869.0,255991.0,255991.0,255991.0,255991.0,257735.0,261214.0,263615.0,266667.0,268824.0,270472.0,272831.0,275779.0,278661.0,280070.0,284742.0,286875.0,289074.0,291268.0,294081.0,296322.0,298890.0,301564.0,305426.0,306881.0,309304.0,311669.0,313855.0,315977.0,318189.0,321054.0,324158.0,326630.0,328652.0,330190.0,332044.0,334536.0,336969.0,338205.0,339342.0,340733.0,342564.0,345801.0,347470.0,350295.0,352217.0,354990.0,357386.0,359552.0,362018.0,363826.0,365974.0,368525.0
5326,8.0,75.0,3.0,82.0,264100.0,0.0,0.0,0.0,9.0,75.0,554.0,554.0,6372.0,8578.0,11010.0,13690.0,16763.0,19980.0,23226.0,26114.0,27817.0,27951.0,28220.0,30776.0,35152.0,39983.0,45213.0,50048.0,54167.0,59679.0,65040.0,69928.0,75191.0,80198.0,85956.0,91537.0,95842.0,99059.0,103472.0,106818.0,111058.0,115056.0,119996.0,125259.0,129468.0,133805.0,137869.0,142797.0,148675.0,152188.0,157460.0,163641.0,168155.0,173637.0,177952.0,182432.0,184126.0,186644.0,188956.0,192347.0,195763.0,199124.0,199124.0,199124.0,202120.0,205220.0,208307.0,209535.0,212137.0,214756.0,217866.0,220972.0,224128.0,227226.0,230509.0,233775.0,236881.0,239727.0,244051.0,247214.0,249950.0,252282.0,254545.0,256621.0,259691.0,261502.0,263239.0,265317.0,266945.0,269492.0,270749.0,272954.0,275586.0,277157.0,280071.0,282342.0,284670.0,287356.0,289273.0,291696.0,294101.0,296477.0,298694.0,300369.0,302567.0,305530.0,308332.0,310892.0,312728.0,314271.0,316155.0,320233.0,321822.0,323870.0,325156.0,326651.0,328338.0,330737.0,333305.0,335566.0,338261.0,340950.0,343610.0,345513.0,347321.0,349443.0,351357.0
5327,9.0,75.0,0.0,0.0,0.0,0.0,0.0,0.0,9.0,75.0,463.0,463.0,3163.0,4987.0,7882.0,10654.0,12065.0,13603.0,15158.0,16445.0,17355.0,19423.0,19423.0,21831.0,25938.0,31050.0,36085.0,40050.0,44737.0,49672.0,54218.0,59478.0,63168.0,67077.0,71450.0,75397.0,79725.0,83962.0,88473.0,92992.0,96094.0,99368.0,103009.0,106475.0,109800.0,113474.0,117101.0,122942.0,128830.0,134472.0,139156.0,143835.0,148714.0,154394.0,159387.0,165179.0,169642.0,172703.0,175634.0,179820.0,185768.0,189069.0,192747.0,197018.0,201034.0,205432.0,207815.0,208448.0,211167.0,214484.0,217484.0,219727.0,221793.0,223907.0,226915.0,229233.0,232415.0,235145.0,238859.0,244342.0,249319.0,254052.0,257242.0,261620.0,265183.0,268061.0,269923.0,272171.0,273541.0,275479.0,278122.0,280101.0,282940.0,285751.0,287751.0,289668.0,289810.0,291082.0,292634.0,294518.0,296789.0,298724.0,300543.0,301746.0,303137.0,306826.0,309174.0,311269.0,313179.0,314750.0,316015.0,318046.0,320282.0,323034.0,324720.0,326387.0,328975.0,331401.0,333903.0,336111.0,339009.0,341059.0,343533.0,346155.0,348400.0,350399.0,352450.0
5328,8.0,75.0,2.0,83.0,281500.0,0.0,0.0,0.0,9.0,75.0,1325.0,1325.0,5183.0,7667.0,9217.0,11352.0,14436.0,17978.0,21375.0,24537.0,25597.0,25749.0,26734.0,28492.0,32050.0,36392.0,40564.0,44537.0,47911.0,51637.0,55359.0,59125.0,62636.0,67019.0,69749.0,75155.0,80297.0,84269.0,87645.0,91967.0,95512.0,99608.0,104003.0,108426.0,113393.0,116269.0,120806.0,126500.0,133099.0,138345.0,144089.0,148973.0,154844.0,158442.0,163239.0,166585.0,168203.0,170189.0,171606.0,175054.0,177942.0,181006.0,184713.0,188336.0,193093.0,197679.0,200456.0,202027.0,204928.0,208110.0,211458.0,214124.0,217564.0,220150.0,222690.0,225791.0,228649.0,231704.0,234351.0,236490.0,238419.0,240950.0,243517.0,245296.0,248551.0,251398.0,254134.0,256775.0,257793.0,260236.0,262989.0,265818.0,268341.0,271549.0,273769.0,275617.0,278234.0,280194.0,281082.0,283417.0,285657.0,288576.0,291002.0,293342.0,295999.0,298048.0,301919.0,304201.0,306326.0,307838.0,309933.0,312312.0,313937.0,315978.0,317907.0,319105.0,320432.0,322800.0,325469.0,327562.0,330175.0,331676.0,333988.0,336422.0,338398.0,340622.0,343149.0
5329,8.0,75.0,1.0,82.0,257400.0,0.0,0.0,0.0,9.0,75.0,961.0,961.0,5970.0,7353.0,11087.0,14114.0,16844.0,19756.0,23176.0,25884.0,27163.0,27772.0,27772.0,30682.0,32384.0,34404.0,36695.0,39058.0,41131.0,42856.0,45273.0,49044.0,53750.0,58250.0,62843.0,66996.0,72279.0,76612.0,81580.0,86448.0,89343.0,94701.0,100118.0,105242.0,109946.0,114799.0,119346.0,125332.0,130842.0,136358.0,142455.0,146237.0,152275.0,158212.0,161957.0,167672.0,171610.0,175526.0,179520.0,183546.0,187108.0,190619.0,194225.0,198766.0,202087.0,206434.0,209369.0,210416.0,213802.0,217941.0,221085.0,223410.0,226144.0,229525.0,232083.0,235491.0,238395.0,241627.0,244313.0,246381.0,250193.0,252708.0,254242.0,255720.0,256823.0,258267.0,260492.0,263008.0,264655.0,267606.0,270301.0,272516.0,272516.0,272516.0,272516.0,273528.0,276302.0,280088.0,282004.0,284608.0,286781.0,287121.0,289945.0,292157.0,294377.0,297377.0,300171.0,302073.0,303271.0,304738.0,307626.0,309289.0,310656.0,312701.0,314578.0,316688.0,320183.0,321382.0,323325.0,325169.0,327095.0,329342.0,331505.0,333778.0,335685.0,337583.0,339677.0
5330,8.0,75.0,0.0,0.0,0.0,0.0,0.0,0.0,9.0,75.0,1914.0,1914.0,6753.0,7787.0,10979.0,13715.0,16304.0,19041.0,21054.0,23030.0,24120.0,25365.0,27003.0,29012.0,33113.0,37443.0,40468.0,44410.0,47759.0,52047.0,55208.0,57410.0,58843.0,60459.0,63041.0,64331.0,65544.0,66363.0,68080.0,69381.0,71427.0,73020.0,74893.0,76687.0,78174.0,79191.0,81621.0,87184.0,93663.0,98164.0,103242.0,108179.0,113161.0,119582.0,125511.0,129808.0,134389.0,139420.0,143372.0,146648.0,151177.0,154510.0,157418.0,161939.0,166114.0,170156.0,173627.0,174166.0,176873.0,179312.0,183397.0,185875.0,188352.0,190935.0,193343.0,195923.0,198741.0,200668.0,204478.0,206883.0,210074.0,213289.0,216565.0,219638.0,222221.0,225399.0,227634.0,230226.0,231453.0,233494.0,235739.0,238423.0,240696.0,243823.0,245249.0,247615.0,249710.0,252295.0,254350.0,256163.0,258252.0,259395.0,261688.0,263494.0,265739.0,266670.0,269197.0,271159.0,273014.0,274514.0,276927.0,279428.0,281049.0,282968.0,284770.0,286447.0,289529.0,292266.0,294345.0,296505.0,298285.0,300443.0,302478.0,305009.0,306988.0,308699.0,310910.0
5331,8.0,75.0,2.0,84.0,333800.0,0.0,0.0,0.0,9.0,75.0,1978.0,1978.0,5570.0,8486.0,11735.0,13366.0,14916.0,16765.0,18795.0,20698.0,23195.0,26406.0,29750.0,32815.0,37008.0,42211.0,47340.0,52138.0,56666.0,61914.0,65456.0,70291.0,75081.0,78049.0,82546.0,86918.0,91851.0,96847.0,100927.0,105931.0,109486.0,113820.0,118994.0,123362.0,127193.0,131685.0,136801.0,142491.0,148626.0,154221.0,160214.0,165380.0,169773.0,174742.0,177187.0,181011.0,184523.0,186916.0,189794.0,192513.0,194986.0,199715.0,204062.0,207643.0,211109.0,216280.0,218705.0,219110.0,221790.0,224525.0,227716.0,230663.0,233143.0,236700.0,239868.0,242462.0,246688.0,249759.0,253111.0,255523.0,257584.0,260323.0,263794.0,266302.0,268845.0,271393.0,275854.0,278601.0,279954.0,282059.0,283919.0,286432.0,289625.0,292157.0,294574.0,297035.0,299253.0,301885.0,303883.0,306540.0,308728.0,310385.0,312539.0,314098.0,316602.0,319555.0,322074.0,324153.0,325595.0,327450.0,329774.0,332612.0,334358.0,336756.0,339099.0,341525.0,343400.0,346208.0,349408.0,352181.0,355371.0,358279.0,361072.0,364553.0,366981.0,368981.0,370926.0
5332,8.0,75.0,6.0,79.0,177500.0,0.0,0.0,0.0,9.0,75.0,432.0,432.0,5527.0,7298.0,9206.0,10963.0,13368.0,16223.0,19257.0,21697.0,24464.0,27144.0,29955.0,33372.0,37657.0,43094.0,47837.0,52209.0,56062.0,59972.0,64158.0,68264.0,73335.0,78417.0,83547.0,88523.0,93003.0,97610.0,102384.0,107681.0,111923.0,117333.0,121281.0,125817.0,129855.0,134839.0,139450.0,144326.0,149035.0,153326.0,158641.0,163052.0,167918.0,173057.0,176899.0,181788.0,185368.0,189351.0,192743.0,196391.0,199516.0,203061.0,206720.0,210814.0,214559.0,219095.0,223233.0,224271.0,227480.0,230224.0,232542.0,235328.0,237907.0,240445.0,242742.0,245967.0,249138.0,252056.0,252981.0,254499.0,256139.0,257677.0,258920.0,259838.0,262429.0,265252.0,267261.0,269663.0,271307.0,274039.0,276801.0,280105.0,282553.0,285065.0,287530.0,289686.0,292075.0,294602.0,296345.0,298694.0,300660.0,302531.0,304912.0,306106.0,308139.0,309857.0,311957.0,313775.0,315457.0,317280.0,320302.0,324221.0,325875.0,328196.0,330196.0,331472.0,334754.0,336782.0,339635.0,341621.0,344331.0,346348.0,348836.0,351104.0,352990.0,355428.0,357659.0
5333,8.0,75.0,0.0,0.0,0.0,0.0,0.0,0.0,9.0,75.0,871.0,871.0,4733.0,6786.0,10061.0,12544.0,14259.0,16174.0,17339.0,18307.0,19741.0,22418.0,26267.0,28409.0,32314.0,35709.0,39692.0,43677.0,47239.0,52644.0,57502.0,62382.0,67428.0,72655.0,76831.0,81968.0,85994.0,89622.0,94072.0,98802.0,102980.0,107346.0,111887.0,116152.0,120743.0,125271.0,129739.0,134555.0,138427.0,142761.0,147064.0,151198.0,155523.0,160049.0,164913.0,169141.0,172869.0,176193.0,179795.0,183497.0,186369.0,191011.0,194568.0,198995.0,202349.0,206107.0,209805.0,211413.0,214325.0,217415.0,220441.0,223064.0,225937.0,229843.0,232663.0,234733.0,237944.0,241209.0,244556.0,247625.0,250797.0,254621.0,256660.0,258418.0,261244.0,263580.0,265585.0,268426.0,269827.0,272309.0,274924.0,276850.0,279666.0,283373.0,285283.0,287714.0,291122.0,293231.0,294981.0,296976.0,298834.0,300985.0,302424.0,304303.0,307049.0,309438.0,311478.0,314037.0,316610.0,318358.0,320534.0,321981.0,324017.0,326262.0,327711.0,329694.0,332002.0,334496.0,336212.0,337879.0,339786.0,341331.0,342004.0,343654.0,345631.0,347549.0,347549.0
