theta,rc,rho,t_0,t_1,t_2,t_3,t_4,t_5,t_6,t_7,t_8,t_9,t_10,t_11,t_12,t_13,t_14,t_15,t_16,t_17,t_18,t_19,t_20
0.6038527305289726,5.641986500286249,0.0,3.968688748312175,2.255874784106632,1.0364903763621716,0.13466075501200514,-0.5996937900259864,-1.2537815056187003,-1.8681925111729512,-2.4736899065559967,-3.0780474589797944,-3.682015489934021,-4.285870420545147,-4.889723340681715,-5.493576104627401,-6.097428835156378,-6.7012815656853535,-7.305134296214317,-7.908987026743291,-8.0,-8.0,-8.0,-8.0
0.6184746853292552,10.423946339193893,0.0,7.840324353102463,5.203975260814941,3.1444690649070273,1.6571990474794884,0.585139478859353,-0.24940508325633104,-0.9501149587431912,-1.5826493009838372,-2.206059578369452,-2.8256406843918027,-3.4443150146525814,-4.062792312693545,-4.681267656517737,-5.2997424361268015,-5.9182171214560535,-6.536691806785311,-7.155166492114558,-7.773641177443831,-8.0,-8.0,-8.0
0.5250464551347037,7.9931291669555655,0.0,5.966842865483067,3.899163158890218,2.3210000699885374,1.1757847639453214,0.3172592662184584,-0.3804692755699593,-0.976267206329979,-1.5204714333942115,-2.052768523571238,-2.5792449362490344,-3.1047049645770346,-3.629884871458264,-4.154933544622663,-4.679980633949017,-5.205027213103765,-5.730073668238467,-6.255120123373171,-6.7801665785078775,-7.305213033642583,-7.830259488777286,-8.0
0.1735077324369833,5.258965251956127,0.0,4.311684210437411,3.3448296867678935,2.5333880166874416,1.871562468887064,1.332378705747884,0.9021670293304953,0.5273538839276478,0.20423953127352143,-0.06264180964242905,-0.32420425960868293,-0.5708671874233479,-0.7757928879766877,-0.975191005582747,-1.1743339481829416,-1.3715141427895854,-1.5535973271174919,-1.7305515170192636,-1.9075063343776497,-2.084493367850743,-2.2631345046328524,-8.0
0.6637664974462584,5.988675480934199,0.0,4.17515177425635,2.3205226924849516,1.0131895231451482,0.05787218352430935,-0.7157058826191356,-1.4131874410202034,-2.0840574833201355,-2.749127422162355,-3.413104822239089,-4.076874123728672,-4.7406410617149985,-5.404407620576568,-6.0681741180228235,-6.731940615469081,-7.395707112915344,-8.0,-8.0,-8.0,-8.0,-8.0,-8.0
0.5877074873642372,13.097304396585939,0.0,-8.0,7.192101576577114,4.748511119418242,2.853494658245057,1.4874111421620255,0.48847866040710447,-0.2994391134063853,-0.9655120224867266,-1.568280987750858,-2.1615859534411075,-2.750566193074451,-3.3384845600527147,-3.9262206904834906,-4.513929481048329,-5.1016371248967065,-5.689344612260958,-6.277052099625187,-6.864759586989424,-7.452467074353657,-8.0,-8.0
0.20724507785445184,6.180568948869434,0.0,5.032819598702527,3.86159259525953,2.8767978512329004,2.0756088763946545,1.4386919454220939,0.9331902643730275,0.502983418095925,0.14510855318744184,-0.16870458279929235,-0.4672279324618503,-0.7229208288994573,-0.9610025440195034,-1.1981909305523613,-1.4285080371718357,-1.6398696863097564,-1.8512308091586118,-2.0625649102361505,-2.272511606229573,-2.480325242728214,-2.689250915186223,-8.0
0.5514627478706187,10.153751438270444,0.0,7.725361179433496,5.247411822751514,3.2813424522995973,1.8241710167638532,0.7833160052368451,-0.003848508284960528,-0.6641071433465318,-1.2636931917573224,-1.8259325399039334,-2.3792460083172036,-2.9315409339345186,-3.4831892597975482,-4.034654337293488,-4.586118094694504,-5.1375809877630285,-5.689043735633651,-6.240506483504268,-6.791969231374881,-7.343431979245494,-7.894894727116112,-8.0
0.10851096271194777,10.771488151858303,0.0,-8.0,-8.0,7.243680205720208,6.204709176785466,5.255260019163066,4.397157937895338,3.632132644972961,2.9613992837769856,2.3858630624200092,1.8996435682541282,1.4942414179967396,1.1449539482596256,0.8616844527712032,0.6036530275070815,0.3636584503404963,0.15261473152933797,-0.0208730249439385,-0.20288901044581276,-0.40879466364851547,-0.6816211536326215,-8.0
0.7419897055427148,8.333025370778726,0.0,5.946885528473822,3.511866533320195,1.769417771593503,0.5468178300744622,-0.39198949551830387,-1.1935449044641655,-1.9451784301791897,-2.6886425396659437,-3.430837190826644,-4.172829581865828,-4.914819502552735,-5.656809208095444,-6.398798913638169,-7.140788619180879,-7.882778324723603,-8.0,-8.0,-8.0,-8.0,-8.0,-8.0
0.3678204728587746,13.734819781142221,0.0,-8.0,-8.0,6.602998619639947,4.756103364957187,3.246564274615605,2.0728040435526105,1.1861128213524081,0.4939431011290306,-0.04654211473831471,-0.5302185404415353,-0.9503609878632209,-1.3528096926262663,-1.7279108970660424,-2.101732579276147,-2.470556696134075,-2.8393612153759467,-3.207313709506831,-3.5752661640780787,-3.9431083631554302,-4.310931153253104,-8.0
0.2501454059420503,10.667919291140475,0.0,-8.0,7.091608970090844,5.503780441382639,4.138794587328634,3.0003544050302766,2.086024105653572,1.3678242215375667,0.8171660301236338,0.3410682659548979,-0.037708609067621746,-0.3980370010353069,-0.7066866531044025,-0.9937778511235853,-1.2779564642609997,-1.539732138232174,-1.794845264821453,-2.0499077772131566,-2.3023715556336204,-2.5532014116935584,-2.8047131996336767,-8.0
0.7174959452750403,7.683377468299639,0.0,5.455940521904899,3.182701085108901,1.5736378211847541,0.42443633565744865,-0.468578178159335,-1.2400176872865853,-1.9667296973358002,-2.6856982177415407,-3.403408730619529,-4.120907556738187,-4.838403727304384,-5.555899686426748,-6.2733956317017965,-6.990891576976832,-7.708387522251873,-8.0,-8.0,-8.0,-8.0,-8.0,-8.0
0.8109045158133263,13.747242912228856,0.0,-8.0,6.797129690624008,4.042785683563209,2.050218020460095,0.6888866548292094,-0.3396214959879914,-1.2096320707837376,-2.0289632096928045,-2.8410068605797267,-3.652038180709046,-4.462944269180819,-5.273848887404379,-6.084753403217717,-6.895657919031043,-7.706562434844362,-8.0,-8.0,-8.0,-8.0,-8.0,-8.0
0.7035254116168412,13.93177003948497,0.0,-8.0,7.315162029983451,4.623124475187288,2.5920466531158572,1.162994755941169,0.1307006146730583,-0.6928606267866158,-1.4291007209640518,-2.138918109497408,-2.843538161446377,-3.5472270871987694,-4.250754867511969,-4.954280481882435,-5.657805893499277,-6.36133130511612,-7.064856716732961,-7.768382128349803,-8.0,-8.0,-8.0,-8.0
0.719690472472141,14.53537524305197,0.0,-8.0,7.679317929019839,4.880374089637163,2.757160896650096,1.2634573739580164,0.18993785899329363,-0.6596786394259955,-1.4140614425812728,-2.1400685121775753,-2.860818594984327,-3.5806607951099974,-4.300353447401853,-5.020044101978087,-5.739734574450219,-6.45942504692237,-7.1791155193944975,-7.8988059918666504,-8.0,-8.0,-8.0,-8.0
0.28457979420967383,6.406219794088875,0.0,5.052357351285849,3.670740984278253,2.5493367463437338,1.6807247124700881,1.0041180602215016,0.44924118648495637,0.015388640798903522,-0.39129312156058804,-0.7333307749748765,-1.0588897647526956,-1.3740923983766937,-1.6643240522396268,-1.9545129789553137,-2.242508124196896,-2.527864468002997,-2.813219634596353,-3.0981422161566416,-3.382824154182157,-3.667506063037321,-3.952106672112891,-8.0
0.947235305907398,11.76429552611028,0.0,-8.0,5.088091867573681,2.6120967638010195,0.9493303132725417,-0.2526413722808022,-1.2564152174585206,-2.209422528859445,-3.157062163855539,-4.104300487684894,-5.0515359658080135,-5.9987712717154125,-6.9460065776228115,-7.8932418835302105,-8.0,-8.0,-8.0,-8.0,-8.0,-8.0,-8.0,-8.0
0.7675105132454747,6.830919354070661,0.0,4.7258905685621535,2.5758728577961945,1.079745525841877,0.012162046414331993,-0.8531395319262202,-1.635552810576248,-2.4051529070306055,-3.173002594199982,-3.940537433711456,-4.708048547523436,-5.4755590998429025,-6.243069613088374,-7.010580126333846,-7.778090639579317,-8.0,-8.0,-8.0,-8.0,-8.0,-8.0,-8.0
0.8644679345729918,10.384413794458371,0.0,7.4450290347044845,4.445655047092452,2.261918940779558,0.7944035077703012,-0.3028746399271497,-1.2256966338911859,-2.097586432821787,-2.9629246625717798,-3.827457428387102,-4.69192605701689,-5.556394005282022,-6.420861939855024,-7.285329874428,-8.0,-8.0,-8.0,-8.0,-8.0,-8.0,-8.0,-8.0
0.34965708772674314,13.876928316669797,0.0,-8.0,-8.0,6.849657216153093,5.008029771109748,3.4854191244657864,2.2838942529251294,1.370619591797929,0.6738458000592836,0.1166904436296105,-0.37760307585642205,-0.7827653059725777,-1.179609201934096,-1.5425593775463602,-1.8990933765225124,-2.252181318722696,-2.6027918722554855,-2.953157637919972,-3.302940227255887,-3.652721928355338,-4.00238263676556,-8.0
0.18265145794255128,5.4608861323322735,0.0,4.46527526320442,3.4491421179386337,2.5968846036644857,1.9031928662121025,1.3413897150518195,0.8953241491943271,0.5072475784399537,0.177520715325982,-0.10218149513090713,-0.37404453022434,-0.6239481064601925,-0.8338777173172743,-1.0436950531593432,-1.252648795172189,-1.4549599702535452,-1.6412394981010061,-1.8275190195939137,-2.013798214818489,-2.200060658131136,-2.385462991738131,-8.0
0.7664363123988182,12.866193735143826,0.0,-8.0,6.353024584551684,3.778406018005402,1.92137667060098,0.6364240631705712,-0.3417910034759545,-1.1707855348760707,-1.9469031530353507,-2.7147609285723497,-3.481384367077186,-4.247823079390795,-5.014259575710028,-5.780695888108832,-6.54713220050766,-7.313568512906481,-8.0,-8.0,-8.0,-8.0,-8.0,-8.0
0.16973391711677163,10.114953021399696,0.0,-8.0,7.2289300047370215,5.914793815924704,4.74703591119388,3.7285414798789835,2.8613253522933944,2.1432246209093306,1.5687210895038177,1.0925164720133203,0.7071703670628912,0.36109227870066235,0.07804309538849487,-0.18122148201686683,-0.4320188886251529,-0.6590976666611703,-0.8541884036067727,-1.049227283203364,-1.2438672878890562,-1.4354392376589877,-1.6227784429711445,-8.0
0.11937141915432106,7.805127631237085,0.0,6.774355199853318,5.722546596400455,4.771079700821193,3.9219707919743887,3.177012537409551,2.5368810543080484,1.9971060320103406,1.554147840417649,1.1734534657552675,0.8660114205120916,0.5881892034134896,0.3338605877494218,0.11724143904496084,-0.0678025820285344,-0.2517676973695452,-0.43271053231173556,-0.6051872162881688,-0.7539481284907507,-0.8996062332569851,-1.1017974285512757,-8.0
0.7880968557368271,5.307573761580191,0.0,3.552819625156828,1.7469242975781119,0.48430751548391343,-0.48402336040092725,-1.318697858567707,-2.1137384296365056,-2.9028201953273465,-3.6910299335149532,-4.479128291461963,-5.267225251688889,-6.055322107425717,-6.843418963162545,-7.631515818899373,-8.0,-8.0,-8.0,-8.0,-8.0,-8.0,-8.0,-8.0
0.7107382960373739,10.518709297963365,0.0,7.773423440656277,4.972111140184993,2.83756953213305,1.3320475769974123,0.2501777927402087,-0.6030150428658969,-1.3548387702642035,-2.0729936293983813,-2.784967535987933,-3.4958875803567824,-4.206628419909319,-4.917366930291039,-5.628105226328421,-6.3388435223657735,-7.049581818403154,-7.760320114440535,-8.0,-8.0,-8.0,-8.0,-8.0
0.18685868244173492,11.285496994857155,0.0,-8.0,-8.0,6.592387313922553,5.282802017770527,4.137159604058724,3.158399850114348,2.3471818394498545,1.697162014768516,1.1648956698576194,0.7434209621342978,0.36683990544902817,0.06231743268227802,-0.2208475264660419,-0.4906251016593773,-0.7229013207098542,-0.937640739280187,-1.152093007883008,-1.364336584374148,-1.5595914044774497,-1.7613563646011188,-8.0
0.6988031506164762,12.208751026902114,0.0,-8.0,6.13590809840997,3.7191799081484422,1.9549384487188632,0.7285430503937838,-0.20644697888291985,-0.9868942911126766,-1.6993438945739645,-2.400050058573151,-3.0993417758712183,-3.7982194249681838,-4.497023979776895,-5.195827257302125,-5.894630407918614,-6.5934335585350805,-7.292236709151563,-7.991039859768023,-8.0,-8.0,-8.0,-8.0
0.3416137046684788,13.951480317859597,0.0,-8.0,-8.0,6.968367337866262,5.128329836712836,3.599175658314784,2.384728507169621,1.459900554198052,0.7641987517821348,0.19585364471040828,-0.2933225257223516,-0.706681296975902,-1.095608517586767,-1.4595333000110104,-1.80789868952625,-2.1545570107539307,-2.497102894985282,-2.839646701179649,-3.1814269005366884,-3.523163194843,-3.8648290295792282,-8.0
0.1466698767183658,14.968125827444474,0.0,-8.0,-8.0,-8.0,-8.0,7.238986020361535,6.021122498800225,4.928067543874507,3.962351210863872,3.1261052099303135,2.420496712245759,1.8389438551501518,1.3583835584412003,0.9655671163900237,0.6307972598528436,0.3288788845942904,0.07969026434169316,-0.14810309175895553,-0.3753499162381656,-0.6010657711832066,-0.8617621792382,-8.0
0.5835874939009492,9.011183430831903,0.0,6.720439659420858,4.382943961016609,2.5912567549854293,1.302620651973092,0.3540634547882193,-0.40445091701316604,-1.0593833683789065,-1.6544195648780313,-2.242241436451629,-2.826919815022672,-3.41071670161626,-3.9943086788540825,-4.577897224519747,-5.1614848561128674,-5.74507235001382,-6.328659843914773,-6.912247337815716,-7.495834831716662,-8.0,-8.0,-8.0
0.7611272835721546,9.996069292948732,0.0,7.265687059359476,4.4795811018322915,2.4107898240607657,0.9779927692988442,-0.06152859845872083,-0.9136198782389481,-1.6887412433476396,-2.4519091150734127,-3.2133094953773416,-3.9744490540240345,-4.735576828510561,-5.496704144517228,-6.25783142808938,-7.018958711661534,-7.780085995233694,-8.0,-8.0,-8.0,-8.0,-8.0,-8.0
0.14676501052605215,6.42295457306321,0.0,5.417129959024835,4.390776350294674,3.4930496740725836,2.725336884758018,2.0845439180579786,1.5663383147187773,1.1293447283007985,0.7834859169371845,0.4639214123007015,0.18656177325352358,-0.04023613984655561,-0.26442799037231257,-0.48131961846052623,-0.6777615274345572,-0.846456150624223,-1.0151337337268238,-1.183680248363029,-1.351218614224753,-1.5110025294585279,-1.6743680441966595,-8.0
0.16848902807236849,10.59800859951757,0.0,-8.0,7.642011222132509,6.290542915699939,5.083421037573307,4.023588161091311,3.1135204790089115,2.3539102181987577,1.7384945389562392,1.2307026678064314,0.8315186013713324,0.4727138451491947,0.16723898287395475,-0.09186202102742447,-0.3456884584993766,-0.5847395377061579,-0.7824012032454871,-0.9760658072791163,-1.169710600349629,-1.363203012006541,-1.5555233405560693,-8.0
0.3620615552729646,11.00449311294771,0.0,-8.0,6.699751690705934,4.850720558651677,3.3331570531577612,2.1467704998565664,1.2480679292943135,0.5499465019087706,0.010538413319096709,-0.4783994108386922,-0.8928397323805969,-1.2957252660045144,-1.6649762415140315,-2.0341096365630515,-2.3972059836814674,-2.7602536841261505,-3.1226279884388037,-3.4848194713520466,-3.846936828569894,-4.208999913355172,-4.571062686957126,-8.0
0.30960024610718917,10.037415170800507,0.0,-8.0,6.242997908696603,4.603433429031827,3.2460484286145554,2.1700723743209465,1.3425762160501158,0.7089733819233177,0.18891838219030635,-0.2598311945116486,-0.6496227042800364,-1.0039010007075466,-1.347554382158866,-1.663303005505773,-1.9789851175359556,-2.291252274347166,-2.6016972027287775,-2.912088776232049,-3.2218001467147523,-3.5315114990822685,-3.841172363264703,-8.0
0.5816891285577427,8.561501383834447,0.0,6.349983492850039,4.093329281146708,2.381294682859414,1.1530616486149847,0.24392327357083973,-0.49156585554962523,-1.1360838853452189,-1.729161256133088,-2.313878852229927,-2.896493804807373,-3.478370347715154,-4.060061933586866,-4.641751863613253,-5.223441110409159,-5.805130238966902,-6.386819367524646,-6.968508496082389,-7.550197624640132,-8.0,-8.0,-8.0
0.23203321315058087,5.479885015608545,0.0,4.368621876527781,3.2343980049412746,2.3097679241412856,1.587237411392536,1.010175619474853,0.5329423264770886,0.13937285458222642,-0.20926635558965379,-0.5359084417045608,-0.8025568472642588,-1.0688090188718689,-1.3320134492172686,-1.571775348318921,-1.8084167750731257,-2.0450207676967334,-2.2797027433479546,-2.512369121590717,-2.745035433175203,-2.977677250145303,-3.2099975467776325,-8.0
0.6862624021655807,9.40331312665176,0.0,6.885375689501933,4.3160494315764835,2.3918785298528693,1.0384757273034926,0.05453248786605635,-0.7387060144017581,-1.4545323340638299,-2.146905940033375,-2.834278667876946,-3.5207139121711526,-4.206978848796237,-4.893241466445763,-5.579503875047044,-6.265766277212631,-6.952028679378217,-7.63829108154379,-8.0,-8.0,-8.0,-8.0,-8.0
0.22083861413414002,9.013678178380612,0.0,7.505998842117662,5.967550539808465,4.623049838902964,3.4762614347117577,2.529451530913429,1.7759017235685026,1.172050206125368,0.6928220215767058,0.2780821616445065,-0.05785023643197473,-0.3802562416644493,-0.664771492655807,-0.918470396949915,-1.171224260379152,-1.4167090848397283,-1.6419342764648717,-1.8671585906137045,-2.0923378516431583,-2.3152039065487533,-2.5381343554433555,-8.0
0.6828866783357799,13.834159565357758,0.0,-8.0,7.329619002704799,4.674276553458062,2.6597706256846725,1.2360759505632593,0.20587820616455313,-0.6136007534762395,-1.3388142784082027,-2.029766432500451,-2.7140462953237723,-3.397149614386202,-4.080039177537059,-4.762926215271721,-5.4458129420216626,-6.12869962035744,-6.811586298693218,-7.494472977028995,-8.0,-8.0,-8.0,-8.0
0.45173489774722364,8.276905485344951,0.0,6.320316626294381,4.3237950732876005,2.745926959052948,1.57688520186813,0.7085714174808734,0.03992264493702198,-0.5379552877632172,-1.0507307458522384,-1.5202408255615205,-1.9802415132097404,-2.4332081980716476,-2.885847435723913,-3.3377444433259855,-3.78955586771498,-4.241292673791336,-4.6930281316891636,-5.144763171279511,-5.596498070126335,-6.0482329678735525,-6.499967865620782,-8.0
0.9539837957138648,11.538027541438357,0.0,-8.0,4.927548708704697,2.491978081418264,0.8667218356920214,-0.3253554543955725,-1.3280631385509687,-2.286450166661345,-3.2407072189552184,-4.194693681232541,-5.148677618660014,-6.102661414373868,-7.056645210087746,-8.0,-8.0,-8.0,-8.0,-8.0,-8.0,-8.0,-8.0,-8.0
0.4056125375880032,14.60869169259744,0.0,-8.0,-8.0,6.887694917230976,4.900869061624596,3.2871216025647354,2.045022657585479,1.1187811351990398,0.39925924263295975,-0.18254167612250105,-0.6760886792259457,-1.1361312652912097,-1.5547947941976819,-1.9683368001230974,-2.375467204524647,-2.7821840269251386,-3.187970570493586,-3.5937286424828496,-3.9993431264747414,-4.404957336215568,-4.810570121681752,-8.0
0.7729257994380554,10.299061716941853,0.0,7.497222405992553,4.638201747162546,2.507314368348173,1.0297977818430728,-0.03039897923983359,-0.8964218573607226,-1.6834622658359177,-2.458417511297732,-3.231619024899584,-4.004548089517357,-4.777474219737132,-5.550400034749408,-6.323325834187467,-7.096251633625523,-7.869177433063581,-8.0,-8.0,-8.0,-8.0,-8.0,-8.0
0.9172126532835638,12.443107153758838,0.0,-8.0,5.596174194973038,3.0026414949681888,1.2247576947372756,-0.0034123315665225418,-1.0045113315302032,-1.932063519849704,-2.850431171637284,-3.7677300568353504,-4.684943447365488,-5.6021561006490455,-6.519368753932632,-7.436581407216189,-8.0,-8.0,-8.0,-8.0,-8.0,-8.0,-8.0,-8.0
0.8128764785868683,6.688565116217875,0.0,4.574588505088161,2.4149942714189994,0.9368807500475682,-0.14139804966306768,-1.032998894705471,-1.857186594922573,-2.6716031611599402,-3.484665798520991,-4.297544497171908,-5.110421129484752,-5.923297608071622,-6.736174086658489,-7.5490505652453646,-8.0,-8.0,-8.0,-8.0,-8.0,-8.0,-8.0,-8.0
0.19046660166715085,12.332909242154761,0.0,-8.0,-8.0,7.341571255118634,5.934652399085942,4.693373872556979,3.62097504800603,2.719555943673119,1.9849583144759118,1.3948572114197004,0.9246939675596236,0.5211822854405762,0.1792246488218983,-0.11157701981372303,-0.3926402277298009,-0.6464236112265546,-0.8653221357560199,-1.0840140071058535,-1.3011163492914095,-1.5059923953807508,-1.7123203243270724,-8.0
0.3110173716713215,10.298326395952408,0.0,-8.0,6.433933036158714,4.75975255898901,3.3685353299756557,2.2612498524987585,1.4104426027892378,0.7664227063004637,0.23192195118747455,-0.2212768556949819,-0.6195620364794812,-0.9757904053744572,-1.3235430929540017,-1.640737104623587,-1.9578703389509748,-2.2718830230920948,-2.583749040937471,-2.8955972107055414,-3.206726215399737,-3.517855203370883,-3.828937582954338,-8.0
0.4956440389607598,8.219298017399034,0.0,6.20076484940253,4.1410340300600845,2.5429089413950052,1.3712912375571227,0.4944199139417057,-0.20503934704983418,-0.7759759284157636,-1.3131668321782495,-1.8185177180291765,-2.3169057979994894,-2.813640529122987,-3.309462430609426,-3.8051776426075596,-4.300823775387344,-4.796467983790325,-5.292112119426766,-5.78775615838753,-6.283400197348294,-6.779044236309043,-7.274688275269807,-8.0
0.6454557302959958,14.596764569485082,0.0,-8.0,-8.0,5.299445158218759,3.174760053898679,1.6482506705954245,0.5516677105610037,-0.3009362275728008,-1.0229877680113693,-1.6810719734854769,-2.3294680559810335,-2.975685378059046,-3.6212781205055413,-4.2667361387704315,-4.91219207173721,-5.557647815331598,-6.203103545627603,-6.848559275923594,-7.494015006219588,-8.0,-8.0,-8.0
0.5433629561525375,5.413534645985529,0.0,3.856213319215484,2.261903643107837,1.1115563223228597,0.25079370607876794,-0.4514240677307286,-1.0647414782457538,-1.6187919660039165,-2.167532295054933,-2.7122426280831267,-3.255800569128038,-3.799237006306398,-4.3426019217022125,-4.885965048468765,-5.429328058211685,-5.972691014364223,-6.51605397051676,-7.0594169266692965,-7.602779882821833,-8.0,-8.0,-8.0
0.42718309873694194,6.556007180075721,0.0,4.927850522821176,3.2661940264973435,1.996257592478707,1.0563017407270838,0.32662758046812856,-0.2773145368712884,-0.7724600358234736,-1.247130972004986,-1.6827495224269369,-2.115859121922462,-2.5442066154751557,-2.972081509955188,-3.3994179046078843,-3.8266642685434413,-4.2538491718921145,-4.681032869977247,-5.10821610284815,-5.535399221869531,-5.962582320606465,-6.389765419343414,-8.0
0.12114642135250034,13.632052840752726,0.0,-8.0,-8.0,-8.0,-8.0,6.927166721734918,5.853100968556294,4.8807340729715385,4.012138330260967,3.2491599895552508,2.592524573626487,2.0383859095274994,1.5859854189228102,1.1962705990058122,0.8803044123314873,0.5968563554540004,0.3363467788623368,0.11265564693741076,-0.0906439502679891,-0.3207752078966262,-0.6260685477377471,-8.0
0.2385217721810885,8.825695611570378,0.0,7.283830379179049,5.7104985093919325,4.348445186566311,3.20169063975011,2.270119130530384,1.5418999073079431,0.965779123713621,0.48429662242955585,0.09432152167163152,-0.25964612465572734,-0.5830384211738979,-0.8570630500909734,-1.1301429334123845,-1.3959560489088905,-1.6392156368728812,-1.8824739202281853,-2.1256652197915074,-2.365417305378508,-2.604591602069964,-2.844371831465731,-8.0
0.8482788493799555,13.823945336625808,0.0,-8.0,6.724657874227451,3.9315476084548195,1.9353010035114284,0.5657997597441932,-0.4726264786582235,-1.3636552242697921,-2.2173052959183974,-3.066204617268178,-3.9145173601915797,-4.762796617932098,-5.6110754673120535,-6.459354316692008,-7.307633166071962,-8.0,-8.0,-8.0,-8.0,-8.0,-8.0,-8.0
0.4898209117923352,13.491475999371003,0.0,-8.0,7.929343232728739,5.56267276040328,3.6473873553906273,2.1861973402604047,1.119626916899292,0.3103343681727109,-0.3533165643372133,-0.910539865390367,-1.4289836833573666,-1.9280488079532752,-2.419205034652259,-2.909887161586128,-3.3998838357994794,-3.889745910203371,-4.379568619870761,-4.869389685465125,-5.359210672864444,-5.8490315846567675,-6.338852496449102,-8.0
0.7967173957740248,13.79493157471773,0.0,-8.0,6.876219880922281,4.123582586883684,2.119659544508398,0.7549487099145621,-0.27353694067266643,-1.1371255133454623,-1.9436608022125892,-2.7417467635048363,-3.538631115017058,-4.335350577942684,-5.132068120645625,-5.928785516419652,-6.72550291219368,-7.522220307967707,-8.0,-8.0,-8.0,-8.0,-8.0,-8.0
0.8393246255809202,5.182946022906114,0.0,3.419736206589603,1.602388867363338,0.32531654112413977,-0.6584897136862957,-1.5227552266672342,-2.364941379258491,-3.2045515969442384,-4.043879442836612,-4.883204293488805,-5.722528919069723,-6.56185354465064,-7.401178170231569,-8.0,-8.0,-8.0,-8.0,-8.0,-8.0,-8.0,-8.0,-8.0
0.1820597230132096,9.06329716689694,0.0,7.680269570816406,6.269016921754581,5.014738238266209,3.920604672467533,2.9890675138119756,2.2190629126714554,1.606954132795444,1.1019129912614907,0.6934889178189302,0.3301525848543051,0.03918636783701874,-0.23668500755059163,-0.4994745262395258,-0.725618545799082,-0.9348468246430606,-1.143821164692708,-1.3508422654061194,-1.5428394942659247,-1.7286742943886169,-1.922501749754111,-8.0
0.6659653650986698,8.961568863925269,0.0,6.550684732913861,4.090595570623265,2.254449544104412,0.9628561754020424,0.0179948424924988,-0.7498512433770121,-1.4459428478423937,-2.1184414018261535,-2.785624765765905,-3.4517873269204786,-4.117755505350743,-4.783721143217735,-5.449686555514269,-6.115651920612941,-6.781617285711614,-7.447582650810284,-8.0,-8.0,-8.0,-8.0,-8.0
0.18223044550851872,9.84919874450102,0.0,-8.0,6.9113247588750415,5.583218330328087,4.413955208094338,3.4065599513261575,2.5627097359936597,1.8767363747449302,1.3200780546071287,0.8795699815668069,0.4939984493073859,0.16761664642643911,-0.1112753079482457,-0.38204797581792727,-0.6300765246070504,-0.8395214180664986,-1.0488487498461332,-1.2572718239756184,-1.4587395543299737,-1.6447795545940294,-1.8403772292692855,-8.0
0.9454830763250879,13.154390227387081,0.0,-8.0,5.972686939312737,3.2360363911605936,1.35808801216039,0.06471303969621688,-0.9691223797959057,-1.9251378557813845,-2.871735734797287,-3.817287590581141,-4.762771075374662,-5.708254151699756,-6.653737228024843,-7.599220304349933,-8.0,-8.0,-8.0,-8.0,-8.0,-8.0,-8.0,-8.0
0.839646823657929,8.913533030668187,0.0,6.295310351971263,3.623513012270585,1.7384474358702895,0.4269052887866792,-0.5768507795638046,-1.4495589584737236,-2.2932801048475207,-3.1333855778351962,-3.9730454563154463,-4.812692527185095,-5.652339350843026,-6.491986174500958,-7.331632998158867,-8.0,-8.0,-8.0,-8.0,-8.0,-8.0,-8.0,-8.0
0.20197902081790164,5.283197218327798,0.0,4.264620101235232,3.224970799912027,2.3673251817138325,1.6847113928052766,1.130268546924983,0.6848527979402691,0.2941136733684444,-0.015470100035578693,-0.3168974859202631,-0.5954768236553571,-0.8276043566671475,-1.0594998419641861,-1.2896104691204513,-1.5059923742063697,-1.7119833586076596,-1.9179735065781707,-2.123920708870486,-2.327662909440925,-2.530195828717936,-2.7337343892999817,-8.0
0.5361472834803295,10.312101534200508,0.0,7.890931101500373,5.420348969755654,3.446229464277667,1.9680139403628814,0.9075429833429414,0.10513324201912017,-0.5623858995394192,-1.158032201577352,-1.7047008389768659,-2.244908945459595,-2.7822356542786393,-3.3185753265925744,-3.8547763677258917,-4.390925419217504,-4.927072871046179,-5.463220197474871,-5.9993674809552004,-6.535514764435526,-7.07166204791586,-7.607809331396189,-8.0
0.7229887528920188,14.29765224549087,0.0,-8.0,7.496571822903253,4.729326007413464,2.6415024897177575,1.175994634583772,0.12116179469120263,-0.7181228093308087,-1.4696995567339313,-2.198042136569168,-2.9219472558617245,-3.645064914224951,-4.368055583226956,-5.091044495929163,-5.814033248821178,-6.537022001713204,-7.260010754605229,-7.982999507497226,-8.0,-8.0,-8.0,-8.0
0.8491413244912465,5.137683930770402,0.0,3.3793653525753187,1.5619252998518005,0.28529553336960717,-0.6995965135977565,-1.5684717582084655,-2.4197611974316198,-3.269165245088058,-4.118309501918631,-4.967451025027987,-5.816592349519232,-6.665733674010478,-7.514874998501723,-8.0,-8.0,-8.0,-8.0,-8.0,-8.0,-8.0,-8.0,-8.0
0.6679404567752739,8.365294123580869,0.0,6.061536954717852,3.7106546928258544,1.9826645604510071,0.7799385448008457,-0.13690071150522032,-0.8937085986298742,-1.5772566210146748,-2.2495382441310983,-2.918383742317654,-3.586473647038188,-4.254416447017904,-4.922357113524061,-5.59029757334587,-6.258238030121142,-6.926178486896415,-7.5941189436716945,-8.0,-8.0,-8.0,-8.0,-8.0
0.10603280395900352,13.794324132766086,0.0,-8.0,-8.0,-8.0,-8.0,7.44172205616941,6.398805962155459,5.442802554589216,4.575484438366874,3.798586468468542,3.113571017802554,2.5211272524486454,2.016838238362049,1.602214126599371,1.2394495872741287,0.9374090350147686,0.6728583025272344,0.4184219358846321,0.18022008933951464,-0.05571410162315271,-0.4195998461301699,-8.0
0.12264056219195293,12.276587446027689,0.0,-8.0,-8.0,-8.0,7.045017389632375,5.953499961882451,4.9648498955633205,4.0811635766137755,3.304331224108394,2.6351819500267295,2.070314774997194,1.6099131242932927,1.2138320057984284,0.8921338078014452,0.606193208032141,0.3440811010956695,0.12021599369574981,-0.07375136553352513,-0.27355527249643874,-0.48970878562140446,-0.7516615680836932,-8.0
0.932878789544165,11.216259955642602,0.0,-8.0,4.782296343228598,2.4159473957212985,0.8359138691175363,-0.3311506154928237,-1.3139178193090781,-2.251818979968666,-3.1850260567101536,-4.117907806457763,-5.050786768452888,-5.983665557997057,-6.916544347541224,-7.849423137085383,-8.0,-8.0,-8.0,-8.0,-8.0,-8.0,-8.0,-8.0
0.45522649503290213,11.04199553242914,0.0,-8.0,6.271064799441572,4.276843429580368,2.7047712131311434,1.5404928884474811,0.6721708964058765,0.009113295848834508,-0.5662813427719603,-1.082552044974296,-1.5520901752504466,-2.0150094456281873,-2.4714769651589634,-2.927510622205811,-3.382900473696478,-3.838186266979249,-4.293414685090412,-4.748641523897237,-5.203868143314114,-5.659094638347019,-6.114321133379925,-8.0
0.14492690830098798,10.073633841631047,0.0,-8.0,7.4072017899938905,6.18092021238037,5.077496913016451,4.099436262317369,3.24902441296919,2.527255739893301,1.928926217573592,1.4382791640953834,1.0315452500831743,0.6956758115153892,0.3891948721690159,0.12988527194107805,-0.09373554328206557,-0.31417653755527053,-0.5257100710194482,-0.7122916152636544,-0.8795648161464726,-1.0514474062236152,-1.2587843675566392,-8.0
0.7378007803994937,6.056029096841092,0.0,4.1558954056744435,2.21070638661852,0.8696505843338581,-0.12784845453649085,-0.9519195306013901,-1.7034051307144495,-2.443214561413023,-3.1813241984064966,-3.9191567606259947,-4.656958332048605,-5.39475917689298,-6.13255995729247,-6.870360737691964,-7.608161518091463,-8.0,-8.0,-8.0,-8.0,-8.0,-8.0,-8.0
0.5811029990827637,8.561160810030266,0.0,6.350612102861898,4.094946861208995,2.383364452279517,1.1552429919460587,0.24613760917723607,-0.48925082369198236,-1.133461021063429,-1.725942037942437,-2.3101346709865216,-2.8921734913408086,-3.473465641385585,-4.054571095306357,-4.635674919437308,-5.216778038850383,-5.797881037933144,-6.378984037015906,-6.960087036098671,-7.541190035181442,-8.0,-8.0,-8.0
0.8676087619339092,7.841932749216177,0.0,5.415718211417874,2.9389676917609906,1.2305827452212248,0.037925277360116805,-0.921787325340691,-1.8017845803156607,-2.6709545933081333,-3.5387305751893257,-4.4063411489298705,-5.273950013242289,-6.141558775176201,-7.0091675371101125,-7.876776299044025,-8.0,-8.0,-8.0,-8.0,-8.0,-8.0,-8.0,-8.0
0.32063133352454903,6.494811075600191,0.0,5.055781091850879,3.587228493937814,2.413554626212653,1.5160260779784447,0.8373162446208264,0.2761610819509327,-0.1918042717280003,-0.6045231106238325,-0.9715679333647561,-1.3285699153181456,-1.6555685776760836,-1.9824925343143955,-2.3055808025361633,-2.627086614862842,-2.9484273835873536,-3.2691738008560773,-3.5899201887048786,-3.9105845812284072,-4.231217269246141,-4.5518499022629175,-8.0
0.35037358258394513,10.694310726158017,0.0,-8.0,6.525801715010085,4.73505220034777,3.2650085758089613,2.114570197289973,1.2402220271741184,0.5595730314573071,0.029449550226886022,-0.45212771310902305,-0.8539873318506209,-1.250006188901328,-1.6073376132754955,-1.964580850938979,-2.3172962325555706,-2.6686248046153,-3.019550466307631,-3.3700497989541676,-3.720523956998864,-4.070899019722674,-4.421274453406925,-8.0
0.7169948643371402,14.660025452545911,0.0,-8.0,7.779072469644664,4.964547863077733,2.822867740684704,1.3141065706108006,0.23054372302306606,-0.6244973356076987,-1.3799177118683594,-2.1038292781686483,-2.8219745616840752,-3.5391358660053425,-4.256133082237005,-4.973128143409688,-5.690123007746827,-6.407117872083967,-7.124112736421109,-7.841107600758252,-8.0,-8.0,-8.0,-8.0
0.8792613314131885,12.590611893095094,0.0,-8.0,5.804177698757553,3.2036470375613373,1.4029922513150934,0.14374799915524114,-0.8372160256723639,-1.7300990580770907,-2.6110673139896203,-3.4905130113370033,-4.369776301200455,-5.249037742814533,-6.128299074227725,-7.007560405640916,-7.886821737054103,-8.0,-8.0,-8.0,-8.0,-8.0,-8.0,-8.0
0.9767476914159565,5.215137476217083,0.0,3.3519454629660133,1.4069411921700157,0.07391582749959047,-0.9895232133439895,-1.9760350992376696,-2.953715116658013,-3.9304911610567923,-4.9072390699971775,-5.883986761413133,-6.860734452829089,-7.837482144245057,-8.0,-8.0,-8.0,-8.0,-8.0,-8.0,-8.0,-8.0,-8.0,-8.0
0.716989627168184,13.986523640042165,0.0,-8.0,7.299373474459472,4.584720309213409,2.544171551133528,1.1126482953442711,0.0796566950773485,-0.7461807266258694,-1.4894533414887758,-2.211554022361231,-2.9294401609256657,-3.646558138761525,-4.363549697776002,-5.080539488052944,-5.797529115221127,-6.5145187423893205,-7.231508369557487,-7.948497996725679,-8.0,-8.0,-8.0,-8.0
0.8730059193833419,8.716103580053407,0.0,6.097877526237055,3.4260044302487414,1.5679735567531812,0.2667000844889422,-0.7342321647918091,-1.6226439112369113,-2.4976225441841917,-3.370855230780492,-4.243863599024362,-5.116869670108896,-5.989875589492243,-6.862881508875579,-7.735887428258929,-8.0,-8.0,-8.0,-8.0,-8.0,-8.0,-8.0,-8.0
0.47692422177457783,11.466292749752409,0.0,-8.0,6.483896238776702,4.402835441378267,2.7644572997636954,1.5566362840076597,0.6591323481569501,-0.02781556668500751,-0.6161436028885898,-1.152052587823387,-1.6383819187304942,-2.121277583565243,-2.5995009376148897,-3.0768871966277356,-3.553971583840854,-4.0308978203584624,-4.507823334425829,-4.984747705952905,-5.4616719711619695,-5.938596192936559,-6.41552041471112,-8.0
0.11578263655925179,11.150593530317728,0.0,-8.0,-8.0,7.43487664000581,6.343112085764327,5.347212088767654,4.4491314617442175,3.650738397672006,2.9533471940782734,2.357487594811227,1.8576799855917616,1.4393897171353907,1.083494595440944,0.8010063104953424,0.5337944893967995,0.29073623172512114,0.0864467428410482,-0.09706078825379938,-0.28677488013694674,-0.49387507578210144,-0.7496780255505822,-8.0
0.6828217309688727,11.576007232463137,0.0,-8.0,5.764048381143486,3.4653683008112246,1.802336649040154,0.6300716966823214,-0.27143645546740525,-1.0307354349117408,-1.7267016268679107,-2.4113828945334825,-3.0946984307607983,-3.7776019031637085,-4.460425176424217,-5.143247050811875,-5.826068781780751,-6.5088905127496135,-7.191712243718496,-7.874533974687378,-8.0,-8.0,-8.0,-8.0
0.6129632643637701,10.964701889739267,0.0,-8.0,5.585450718517514,3.4384758616816757,1.860119529474932,0.742939854169795,-0.11583990311976156,-0.8121705982083995,-1.4534138768680998,-2.0735193449508516,-2.68791244884854,-3.3010956561757454,-3.9140919708427173,-4.527056495004834,-5.140019903800687,-5.752983168164466,-6.3659464325282284,-6.97890969689199,-7.591872961255765,-8.0,-8.0,-8.0
0.5059445594991911,14.625750279100139,0.0,-8.0,-8.0,6.1647512828580675,4.0924388551088375,2.4918445354228393,1.32179322276998,0.44593648401805674,-0.2579572582864157,-0.834217610499383,-1.3750706638955712,-1.8908966778095762,-2.3982498017261316,-2.9050727378922874,-3.4111988415091483,-3.9171749060860757,-4.423121098213622,-4.929065816577596,-5.435010427882937,-5.940954987382141,-6.446899546881322,-8.0
0.8273408452307441,12.060981069490197,0.0,-8.0,5.617503330751681,3.140571456142296,1.414789158928964,0.1966828632718576,-0.7513750816329877,-1.5950121971111795,-2.424482183665981,-3.252091713821481,-4.079435636560335,-4.906776699460712,-5.734117544691461,-6.561458389922192,-7.3887992351529395,-8.0,-8.0,-8.0,-8.0,-8.0,-8.0,-8.0
0.6490655337927759,11.804295532421323,0.0,-8.0,6.030614165802563,3.717307821855319,2.008919695092886,0.8158203440506389,-0.0901269100680212,-0.8266780526840757,-1.499597418791328,-2.1545450892807283,-2.804777309214233,-3.454039169222471,-4.103107444955073,-4.752173369575406,-5.401238965778448,-6.050304499571227,-6.699370033363995,-7.34843556715678,-7.997501100949563,-8.0,-8.0,-8.0
0.8515750792766865,10.906459522960104,0.0,7.887738740557269,4.8074111576257685,2.5310198816292697,0.9783999107405789,-0.14284612037224365,-1.0698083991853422,-1.9315533002617262,-2.784415808155972,-3.636123506510193,-4.487700074409524,-5.33927523555287,-6.190850314829558,-7.042425394106246,-7.894000473382933,-8.0,-8.0,-8.0,-8.0,-8.0,-8.0,-8.0
0.10096364827632953,14.774912624840221,0.0,-8.0,-8.0,-8.0,-8.0,-8.0,7.2271352301638085,6.226409594822593,5.308285024759007,4.474445783257843,3.7265113698273913,3.065771615791107,2.492980935901381,2.003384257910505,1.598620028196457,1.2412037731963237,0.9394916110719168,0.6680902151431413,0.3945214040059586,0.11747368511539999,-0.288237248631675,-8.0
0.6529218590475802,10.897301774599129,0.0,-8.0,5.407494080153927,3.244246064986453,1.6866827818898629,0.5730590962968088,-0.2904243309328892,-1.0203785764656106,-1.6860707108901107,-2.341747378896736,-2.99538695927022,-3.648436232410254,-4.301360246375448,-4.954282308176054,-5.607204167223648,-6.2601260262712195,-6.913047885318791,-7.565969744366376,-8.0,-8.0,-8.0,-8.0
0.22820748517842063,5.983309463927064,0.0,4.811014452652859,3.614650516318899,2.6249872149635065,1.8361610065047178,1.207312850258278,0.7126371795671428,0.28493037329536847,-0.06158017909497426,-0.392976176342303,-0.6820325860150143,-0.9441164705303212,-1.2046860141888023,-1.4536075930774977,-1.6863480171232772,-1.9190871057566803,-2.1517576290144618,-2.3809077335099653,-2.609737944643401,-2.8385682337242724,-3.067427165801324,-8.0
0.5198816112860664,11.384528521736623,0.0,-8.0,6.248240766146913,4.131703839480478,2.500227069546377,1.3114950815958089,0.4242725938537092,-0.28856268494356685,-0.8798308359729546,-1.4289198315094342,-1.9576320115581738,-2.478930196638053,-2.9994721591667775,-3.519526330801501,-4.039410138300696,-4.559292854099389,-5.079174628626431,-5.59905624020883,-6.118937851494875,-6.638819462780949,-7.158701074067022,-8.0
0.975537857555805,14.52370015966153,0.0,-8.0,6.774820872598514,3.7767379367965965,1.6965024834324913,0.2670892397612536,-0.8145168251828234,-1.802720611439649,-2.7796017339332497,-3.755230501828439,-4.730768903043941,-5.706306760599748,-6.681844618155556,-7.657382475711364,-8.0,-8.0,-8.0,-8.0,-8.0,-8.0,-8.0,-8.0
0.8124472043800051,13.893737867157244,0.0,-8.0,6.890388378969095,4.110183116763492,2.093663737818008,0.7198996718762931,-0.31600252615562097,-1.1897854867553803,-2.010965178974345,-2.8245908573726286,-3.637170144425402,-4.449618974056004,-5.262066284545993,-6.074513488925986,-6.886960693305996,-7.699407897686005,-8.0,-8.0,-8.0,-8.0,-8.0,-8.0
0.5018640379080657,12.41673410394375,0.0,-8.0,7.064891010766573,4.818883597991164,3.038400364918474,1.7183673976612492,0.7607048589229817,0.029104871785790073,-0.5927524789006907,-1.1538927785164337,-1.6656322184428016,-2.1726745882808873,-2.6759050025020668,-3.178001123926219,-3.679980752881794,-4.181846910886745,-4.683711561117652,-5.185575729153482,-5.687439767061538,-6.189303804969595,-6.69116784287768,-8.0
0.16434576946847063,6.247239553357056,0.0,5.207034531749942,4.145597884916618,3.229916458114962,2.461184864690965,1.833026727714126,1.317662033974878,0.9046941958183115,0.5437739178567373,0.228253117276913,-0.02512629724944282,-0.2745314419163032,-0.5128036789210828,-0.7198899025460466,-0.908780360064066,-1.0975725070897449,-1.2856084722123284,-1.4678280584612557,-1.635441099539518,-1.8031958032836044,-1.9782240310486041,-8.0
0.5526775187913913,9.795230862379967,0.0,7.4224955902130025,5.001336957411984,3.0941331853081357,1.6960456512755473,0.682566178868217,-0.09959073946505581,-0.7424189961718806,-1.3353107345893322,-1.8979089816062507,-2.45209231685869,-3.00542787852893,-3.5582643606625037,-4.110944214209667,-4.663622439836546,-5.216300079108341,-5.768977597899727,-6.321655116691114,-6.874332635482514,-7.4270101542738995,-7.9796876730653,-8.0
0.8478316654703641,12.758177067698888,0.0,-8.0,6.011361291347797,3.3992488117338646,1.5778271396025692,0.298497668400365,-0.6877870831237519,-1.5568309218533105,-2.4068407590656244,-3.2549401860244798,-4.102774844170396,-4.950606713547913,-5.798438379018282,-6.646270044488631,-7.494101709959001,-8.0,-8.0,-8.0,-8.0,-8.0,-8.0,-8.0
0.642664949664293,13.973235092470906,0.0,-8.0,7.592348974717431,4.959690803460596,2.9280338600061446,1.477014032531888,0.4261748064345833,-0.39962730293140103,-1.1092901146879177,-1.7643589937630142,-2.4087744349179383,-3.0520196226427587,-3.6947955052127033,-4.337462465398255,-4.980127609700261,-5.622792559364546,-6.265457509028855,-6.9081224586931445,-7.550787408357441,-8.0,-8.0,-8.0
0.8737290031411944,9.021942288127393,0.0,6.341388890806395,3.605982358636914,1.6898273211961112,0.35674971525809934,-0.6641413160213998,-1.5588906374052616,-2.4347411814624653,-3.3087189868542546,-4.1824506792347655,-5.056179853133542,-5.929908856274734,-6.8036378594159315,-7.677366862557129,-8.0,-8.0,-8.0,-8.0,-8.0,-8.0,-8.0,-8.0
0.305642483741868,6.999795596426282,0.0,5.51834639764683,4.0066598917743335,2.7745283152734754,1.8164946987770814,1.0771204513916692,0.4818992015785305,0.01709771331775308,-0.41600423920215374,-0.7730495699767087,-1.1213774288445857,-1.449703606809114,-1.761415315998383,-2.0730334605786696,-2.379847626445234,-2.6863235007521187,-2.992565760896411,-3.298317948456353,-3.6040701086099585,-3.9097458854179616,-4.2153910900019875,-8.0
0.5154865730370687,14.084716595304084,0.0,-8.0,-8.0,5.76520050199574,3.758191269938886,2.2304335440337777,1.121495012680284,0.286074024720569,-0.3969525828298912,-0.9819762299275888,-1.5168395569043902,-2.0397684962546796,-2.5566592079945822,-3.0726317039197477,-3.5882664451870934,-4.1037551958696685,-4.619242637609161,-5.134729356739525,-5.650215929776585,-6.165702502813671,-6.681189075850729,-8.0
0.7468526797369698,8.300081798032076,0.0,5.914640300251031,3.4803223525235425,1.7430384512941477,0.52224362537743,-0.41619795621493805,-1.2197993442916766,-1.9757958559567044,-2.724041048813797,-3.4710844240335894,-4.217939614393715,-4.964792493583577,-5.711645173320553,-6.4584978530575174,-7.205350532794495,-7.952203212531458,-8.0,-8.0,-8.0,-8.0,-8.0,-8.0
0.9388916085785561,6.126256309443253,0.0,4.04801133080764,1.9152037570424363,0.46106394714496646,-0.6386784450058848,-1.594264466623292,-2.5350639584986907,-3.474145988258639,-4.413039404833244,-5.351931091304531,-6.290822699883088,-7.2297143084616495,-8.0,-8.0,-8.0,-8.0,-8.0,-8.0,-8.0,-8.0,-8.0,-8.0
0.6313194531237292,10.062593684185732,0.0,7.51895258153511,4.9234002191875765,2.918001461606268,1.4830237912481807,0.4419126061293864,-0.37669225367401615,-1.0782215199707097,-1.7218848227192973,-2.3556670986314088,-2.9877146519977833,-3.619171804402219,-4.250493604571579,-4.881813255927385,-5.513132736327098,-6.144452189450815,-6.775771642574543,-7.407091095698272,-8.0,-8.0,-8.0,-8.0
0.6976976917334076,6.4677157575699855,0.0,4.515760987470631,2.5217919812097236,1.1190209989378892,0.10353582233253225,-0.7095080274537532,-1.4387399252904252,-2.1426511941195487,-2.841446378129357,-3.5393103664538597,-4.237010478800415,-4.934708379432994,-5.632406071166406,-6.330103762899806,-7.027801454633217,-7.725499146366629,-8.0,-8.0,-8.0,-8.0,-8.0,-8.0
0.8746431272053604,11.91417811899506,0.0,-8.0,5.379722668954743,2.903514123524792,1.1987333754407796,0.01154856766004271,-0.951985891340192,-1.838422507672961,-2.7145264629692467,-3.589318902462116,-4.463963618353499,-5.338606827635354,-6.213249954840703,-7.087893082046074,-7.962536209251426,-8.0,-8.0,-8.0,-8.0,-8.0,-8.0,-8.0
0.34957839199482355,5.808534920076279,0.0,4.43087825369348,3.0243235572626905,1.934797212601418,1.1077978683859206,0.4536275974834061,-0.06155633276418382,-0.5254581891771597,-0.9255022753920517,-1.31367289478293,-1.6701929558496191,-2.0266058219078995,-2.377514870401037,-2.7280457110758736,-3.0780377180380145,-3.4277415675440683,-3.7774003646668777,-4.1269802334402925,-4.476559999995262,-4.826138501756492,-5.1757170269746355,-8.0
0.8624654443648506,11.790930098719757,0.0,-8.0,5.33606141452152,2.8884003491407264,1.2006150755888978,0.02184881635164941,-0.9315405035175016,-1.8063047078121697,-2.6703310317316205,-3.532965718392581,-4.395433015604704,-5.257898567388178,-6.120364011753024,-6.982829456117869,-7.845294900482738,-8.0,-8.0,-8.0,-8.0,-8.0,-8.0,-8.0
0.11409015861103569,11.484587171040888,0.0,-8.0,-8.0,7.732069958046295,6.624644619356839,5.61103729274614,4.69316191465659,3.872923401637225,3.151984149749678,2.531026053911669,2.005611976588008,1.5744419909291238,1.2014029276620501,0.8967539131652029,0.626137844396257,0.37489885688408886,0.15476192954184922,-0.02696930357970484,-0.2164485949504361,-0.4276321037241942,-0.6996144653110049,-8.0
0.39356901533492306,13.400806837750098,0.0,-8.0,-8.0,6.172547424566251,4.336149721322506,2.8626444065729,1.7463941440441082,0.9152089085205749,0.25476570683067845,-0.3029577655073077,-0.7627947863317549,-1.2075588496760017,-1.6089413531546253,-2.010116873677958,-2.404759841552953,-2.7994003222173682,-3.1931268388573066,-3.5868370697697762,-3.980414692188105,-4.373985370133164,-4.767554773728097,-8.0
0.11008017396318286,13.69885161154571,0.0,-8.0,-8.0,-8.0,-8.0,7.262778417877767,6.21382929229973,5.2557996395522135,4.3905431582976195,3.6198142116574976,2.944820504361191,2.366193349210798,1.8783895913439685,1.470205871322157,1.1194920822625298,0.836390696715828,0.5719329073886209,0.32414213754435217,0.10310352071750946,-0.13088345674731316,-0.47797689802392695,-8.0
0.6269980045070543,12.309486044989324,0.0,-8.0,6.471459074477559,4.102577785841308,2.3210622112755135,1.056558496470288,0.12676960516774044,-0.6269507784106584,-1.299554266006207,-1.936036958145451,-2.564741903782638,-3.191983837566749,-3.8190486516876967,-4.446048237178171,-5.073046407146757,-5.70004441165381,-6.327042416160872,-6.954040420667909,-7.581038425174973,-8.0,-8.0,-8.0
0.1642808567091093,14.500932578291462,0.0,-8.0,-8.0,-8.0,7.890838708510714,6.533281093271536,5.315651656726238,4.240803591378822,3.3114002287583717,2.528758232728203,1.88722914337118,1.3631058470814628,0.9397572921301005,0.5748448450623082,0.25281204184255673,-0.0006891018425108086,-0.2506170764412595,-0.4905357253259339,-0.7024157903010201,-0.8981716810676973,-1.1402704702412232,-8.0
0.735651167056074,6.416609470326291,0.0,4.4348394438960685,2.410137002840978,0.9991397379780311,-0.021475247281515064,-0.8541726997134048,-1.6042094433184015,-2.34282209030817,-3.079023046957697,-3.814743009299561,-4.550395383412125,-5.28604664904842,-6.021697816104499,-6.757348983160564,-7.493000150216643,-8.0,-8.0,-8.0,-8.0,-8.0,-8.0,-8.0
0.2916486982040544,11.09116413022763,0.0,-8.0,7.166008207190499,5.440749703994746,3.9778708002301504,2.7812904346586684,1.8458181873043675,1.120336775075841,0.5406979054610754,0.078446262869193,-0.3409947466673721,-0.6989724513258319,-1.0327821641157193,-1.3570750803008922,-1.6545159762940687,-1.9519104204009843,-2.246919840135924,-2.5393643767779905,-2.8318075267137335,-3.1237411099569927,-3.415603120401312,-8.0
0.29235290885251597,8.604900352946235,0.0,6.942164033623794,5.245494206444283,3.8124455000341437,2.646709544318901,1.7417349354815959,1.0394270170254036,0.46863738500602137,0.021719936360724713,-0.3950672119101042,-0.7436381309538013,-1.0776554743024072,-1.3981288096021214,-1.696287629717935,-1.9943861780655392,-2.2893901344022756,-2.5825408025307777,-2.8756897941108646,-3.168222712031021,-3.46068055013738,-3.75312566820294,-8.0
0.6978315828622279,10.961976792821691,0.0,-8.0,5.304460169923204,3.100315327240977,1.5370684776107533,0.41652071375042404,-0.45721128168370734,-1.2117430707431647,-1.919528477628416,-2.6189832081715188,-3.317059892737527,-4.014894423549464,-4.712726566806155,-5.4105582091524145,-6.108389792014632,-6.806221374876859,-7.504052957739084,-8.0,-8.0,-8.0,-8.0,-8.0
0.6516581386707512,6.2361980679456135,0.0,4.384554561150084,2.4928642234553213,1.1519256261587338,0.17377714340284225,-0.6113002410496924,-1.3080911742753374,-1.968752660567183,-2.6220102243897916,-3.2739021883336035,-3.9255894640429427,-4.577248678388431,-5.2289069335810625,-5.880565072251819,-6.532223210922561,-7.183881349593318,-7.835539488264074,-8.0,-8.0,-8.0,-8.0,-8.0
0.9430953757638753,12.388501378749021,0.0,-8.0,5.4918209787355226,2.898773081473229,1.1363557435389535,-0.09807112286182329,-1.1134713688256803,-2.064752501173557,-3.0086383671473196,-3.9517544627351815,-4.894850059913624,-5.837945435677485,-6.78104081144136,-7.724136187205236,-8.0,-8.0,-8.0,-8.0,-8.0,-8.0,-8.0,-8.0
0.9953988737019662,8.59629248824135,0.0,5.8793661769715895,3.106435971066801,1.2250222159200184,-0.07377653331980016,-1.1395895906319096,-2.1420210037893126,-3.1378765396800476,-4.133278333110921,-5.128677354806497,-6.12407622850846,-7.119475102210414,-8.0,-8.0,-8.0,-8.0,-8.0,-8.0,-8.0,-8.0,-8.0,-8.0
0.5939658989962656,12.292295834509323,0.0,-8.0,6.5932191007423375,4.262241338864296,2.487507719258922,1.2154906339003568,0.278523976537908,-0.4747435892630663,-1.132210204367977,-1.7377973779985358,-2.3344797834507123,-2.9292984033384406,-3.52343578945156,-4.117404197623129,-4.711370629702703,-5.305336621222209,-5.8993025202184715,-6.4932684192147505,-7.087234318211002,-7.6812002172072695,-8.0,-8.0
0.7392749995324915,7.95240119591012,0.0,5.644933069447723,3.290110145408232,1.6239134435857139,0.4405236505769514,-0.4752636279006468,-1.2660182535055884,-2.013779834244452,-2.7543729646274024,-3.4938305624104777,-4.233108010871619,-4.972383207473531,-5.71165820700603,-6.450933206538517,-7.190208206071017,-7.929483205603503,-8.0,-8.0,-8.0,-8.0,-8.0,-8.0
0.7702085894827313,11.688986241691566,0.0,-8.0,5.553603561917847,3.177254487048811,1.5080843726166306,0.3231322860859464,-0.5978612876713056,-1.4047632677293589,-2.1807438744112315,-2.9518151986933727,-3.722125569312059,-4.492335603741672,-5.262544299184281,-6.03275288866702,-6.802961478149757,-7.573170067632481,-8.0,-8.0,-8.0,-8.0,-8.0,-8.0
0.9230791264526621,7.5705234366444305,0.0,5.154474851263776,2.687399260364923,1.0179838162082904,-0.175467932275169,-1.164779747453676,-2.095475306356441,-3.0193125242227086,-3.9424157120240575,-4.865495069108621,-5.788574195561288,-6.711653322013954,-7.634732448466607,-8.0,-8.0,-8.0,-8.0,-8.0,-8.0,-8.0,-8.0,-8.0
0.5128639560204332,10.673577362522558,0.0,-8.0,5.771190259558272,3.7679494261539856,2.241578792755857,1.132636012492153,0.29705750350248256,-0.3855718344788898,-0.9678433865305041,-1.5017107980117463,-2.022302607656272,-2.5365637085074786,-3.049966197895101,-3.5629872744381204,-4.075853397025525,-4.588718340288372,-5.101582452810119,-5.614446408830565,-6.127310364850983,-6.6401743208714095,-7.153038276891847,-8.0
0.630115608351494,12.456630352455385,0.0,-8.0,6.5633478581449864,4.169171727636493,2.365917483259944,1.0853393649007754,0.14523891871920436,-0.6148697693106856,-1.2915392372347287,-1.9312286049868825,-2.5630596323701895,-3.1934169023414647,-3.8235977204890577,-4.453714880822939,-5.0838306512497535,-5.713946259601247,-6.34406186795274,-6.974177476304227,-7.604293084655728,-8.0,-8.0,-8.0
0.7455094523957297,11.800967275939525,0.0,-8.0,5.707168769077674,3.327156924292084,1.6419641031858483,0.4478692349486775,-0.474967272148682,-1.2714715776049943,-2.025291588496912,-2.7720795729821095,-3.5177631640537648,-4.2632749493696505,-5.008784587404918,-5.754294039800644,-6.499803492196371,-7.245312944592097,-7.990822396987824,-8.0,-8.0,-8.0,-8.0,-8.0
0.3859492848991174,13.944320980572494,0.0,-8.0,-8.0,6.598640711325678,4.708485101785714,3.173210345344257,1.9901365271349516,1.1030662090426193,0.40913123079882924,-0.14871924036535555,-0.630256755772981,-1.0691551737388862,-1.4764278387918663,-1.869960478485298,-2.259320038643945,-2.6463210762851093,-3.0328038976057727,-3.418891686440831,-3.8049117752465547,-4.190862690570132,-4.5768131695056535,-8.0
0.18974747595422797,14.794180905589515,0.0,-8.0,-8.0,-8.0,7.652915853696134,6.214649137852328,4.9406497022163665,3.8342059570443037,2.897730035842454,2.1289941368794354,1.516614271879369,1.0193944014641125,0.6058009131361386,0.24650675250369258,-0.044733189346658486,-0.3290385564128268,-0.5939184734018588,-0.812034810146602,-1.030241622410869,-1.2491443517530072,-1.4733999166667289,-8.0
0.83058673760623,11.91539206722384,0.0,-8.0,5.511771211397794,3.0584640330961435,1.3519987921919225,0.1472326172948077,-0.7912151912964756,-1.6368543603656796,-2.4694651236055662,-3.300303465147986,-4.130893080060131,-4.961480018159321,-5.792066755765556,-6.622653493371785,-7.453240230978014,-8.0,-8.0,-8.0,-8.0,-8.0,-8.0,-8.0
0.7729298933107266,14.717516501768143,0.0,-8.0,7.595616971599163,4.713994853394455,2.5601954561620555,1.0636471233474794,-0.003103689925353703,-0.8718541593846011,-1.6593036094495561,-2.43431988254789,-3.207527106616805,-3.980467190978033,-4.753397509222356,-5.526327425666015,-6.299257318976735,-7.072187212287459,-7.845117105598179,-8.0,-8.0,-8.0,-8.0,-8.0
0.7345910043884967,9.926707446136348,0.0,7.2449229240419415,4.508406592296848,2.463284785627729,1.0349761966067152,0.007099109825873187,-0.825198452351844,-1.5767350286686281,-2.3147550803728287,-3.0499641507264372,-3.7846346216154556,-4.519226954609955,-5.2538180676983295,-5.988409072086824,-6.723000076475332,-7.457591080863824,-8.0,-8.0,-8.0,-8.0,-8.0,-8.0
0.3660667035831082,11.133578784924605,0.0,-8.0,6.7766766826679365,4.90485104808477,3.3681275182855286,2.1666592710240677,1.2575116613739878,0.5524941026039041,0.008445710949928336,-0.4838308639197793,-0.902627852556836,-1.3082171885677,-1.6815458187207837,-2.054401976961542,-2.4214675867537716,-2.7885311317330186,-3.154835929229872,-3.521033992390796,-3.8871422589828337,-4.253210508996902,-4.619278227225342,-8.0
0.8122941379647004,14.425051830531958,0.0,-8.0,7.251607554538492,4.383587629147053,2.2810277474855774,0.8516125285117557,-0.2096399176155943,-1.0938965138095524,-1.9165060063506991,-2.7302015742973995,-3.5426613047969573,-4.354957438132766,-5.167251711978861,-5.9795458499435625,-6.791839987908265,-7.604134125872966,-8.0,-8.0,-8.0,-8.0,-8.0,-8.0
0.43232095903508505,13.982374686985604,0.0,-8.0,-8.0,6.2573777123154946,4.314766928485905,2.772172581571358,1.6227602403664396,0.7755433608611954,0.10959590924312433,-0.46317619041126834,-0.955454031609364,-1.4166287057250395,-1.857427739781354,-2.292725790680939,-2.7262239309761074,-3.1587974023072545,-3.5912651149885786,-4.023587900343699,-4.455910340669088,-4.8882314354514325,-5.3205524822320545,-8.0
0.8492022320562338,10.177411965548266,0.0,7.297335076790215,4.358478949102216,2.220087533598493,0.7781903415134255,-0.3021701928092241,-1.2110562132710612,-2.0681325424633017,-2.9183050158491857,-3.7675932410265633,-4.616796456136333,-5.46599873026847,-6.315200962324691,-7.1644031943809345,-8.0,-8.0,-8.0,-8.0,-8.0,-8.0,-8.0,-8.0
0.920405248881513,12.24130342583036,0.0,-8.0,5.460634228841631,2.904235576448843,1.1590589238246438,-0.059279310527102,-1.0577324704890083,-1.9875557885710007,-2.908978852124652,-3.8294484625796223,-4.749854174496296,-5.670259423377819,-6.5906646722593205,-7.511069921140837,-8.0,-8.0,-8.0,-8.0,-8.0,-8.0,-8.0,-8.0
0.21905874695685687,10.630969968960114,0.0,-8.0,7.276861627479191,5.771825540844269,4.459602042001665,3.343885606114837,2.4267288183398623,1.7004059503426918,1.1166750358762605,0.6467113960794137,0.24398515621680547,-0.08868979038733504,-0.40695671848072246,-0.6848632419349224,-0.9364966231292757,-1.1870532863004513,-1.4293280798091152,-1.6527380647841792,-1.876147910011901,-2.099550580057958,-2.322584847771616,-8.0
0.7419459067569321,5.5205127113113415,0.0,3.748022221263923,1.9275467902160919,0.6652998152872017,-0.29639602003243326,-1.10745065064987,-1.860460266634596,-2.6040803542875555,-3.3462611950441756,-4.088210118183412,-4.8301562579087,-5.5721021734254546,-6.314048080182383,-7.05599398693931,-7.797939893696252,-8.0,-8.0,-8.0,-8.0,-8.0,-8.0,-8.0
0.7789687454109244,9.725823863401043,0.0,7.0217377109554295,4.2624635533707425,2.235968249666368,0.8509754371116742,-0.18007138772864928,-1.0367026448900494,-1.8273899596919523,-2.608036817311925,-3.3872261279656266,-4.166197596418269,-4.945166547444549,-5.724135292855497,-6.503104038266397,-7.2820727836773465,-8.0,-8.0,-8.0,-8.0,-8.0,-8.0,-8.0
0.8942305720500194,11.4796092873058,0.0,-8.0,5.052449000503964,2.650821381799034,1.018986930173662,-0.1486177764193123,-1.1141404780462616,-2.0172207997393334,-2.912451593334922,-3.8067544631193426,-4.700985703144302,-5.595216276696425,-6.489446848746433,-7.383677420796446,-8.0,-8.0,-8.0,-8.0,-8.0,-8.0,-8.0,-8.0
0.6485559812378963,13.165463714626002,0.0,-8.0,6.993019837536971,4.473793770682442,2.562882604723681,1.2061667730128374,0.2174760079538742,-0.5732574928490358,-1.2709985380355404,-1.9292122012321735,-2.5794670044121775,-3.2282557040646043,-3.876858088182897,-4.525415346812775,-5.173971461822074,-5.822527443059965,-6.471083424297881,-7.119639405535774,-7.768195386773664,-8.0,-8.0,-8.0
0.48672474896573026,12.531131758597057,0.0,-8.0,7.223506747984244,4.98483926184013,3.1968374035412364,1.855979043417262,0.8843927085935858,0.13688935030345153,-0.49160286015195326,-1.0436339455729573,-1.545955403025892,-2.04003949478951,-2.5280904513730524,-3.015425964080698,-3.50232535192568,-3.989056037496283,-4.475782207127132,-4.962507108922708,-5.449231905229091,-5.935956654194826,-6.422681403160562,-8.0
0.9770702817036467,6.36170871119405,0.0,4.194787924964161,1.9726355987881812,0.4674820091468085,-0.6634317991729852,-1.6556375126843692,-2.6343946855149003,-3.6116068094585057,-4.588678224320505,-5.565748516779001,-6.542818798482638,-7.519889080186287,-8.0,-8.0,-8.0,-8.0,-8.0,-8.0,-8.0,-8.0,-8.0,-8.0
0.9750151445082861,13.905989210095283,0.0,-8.0,6.37204137391239,3.4840844797070156,1.5007058242380338,0.13746500864928451,-0.9307260835710601,-1.9164986406478028,-2.89258990861541,-3.8676559311012366,-4.842671313408021,-5.817686457916305,-6.7927016024245885,-7.76771674693288,-8.0,-8.0,-8.0,-8.0,-8.0,-8.0,-8.0,-8.0
0.14121545121715817,8.186861803703884,0.0,7.035931307517342,5.8615124338575635,4.807222973274097,3.875465754855882,3.0681771226146553,2.3863845699844948,1.8235903314689712,1.3566856256675197,0.9735177162565848,0.6483763348353377,0.35315770658972195,0.10596794592157768,-0.11192261748732368,-0.32670847103854433,-0.5327972684296487,-0.7145234717881717,-0.8768946425161943,-1.0396196158491513,-1.2050659581918919,-1.391444450789071,-8.0
0.4556509243902942,7.625831011987698,0.0,5.771168630869603,3.878607847860962,2.40993091641233,1.3236418561523031,0.5021789218941302,-0.14831618530819013,-0.6941226786864144,-1.2027339558450945,-1.667372071645792,-2.128810180440162,-2.5857025493787176,-3.0418905604490036,-3.4977049789284798,-3.953374360499197,-4.409026956840153,-4.864678024303234,-5.320329036509188,-5.775979960899483,-6.231630885289783,-6.687281809680068,-8.0
0.535654426648354,6.770017508153595,0.0,4.942286118838654,3.076615071654485,1.7037389082122945,0.7075700833388967,-0.055147884192905505,-0.6912087264260875,-1.2735798864804437,-1.8197092742700596,-2.357535391240213,-2.894104770581275,-3.42995139512382,-3.96562027482149,-4.50127603780655,-5.036930632648467,-5.572585067905015,-6.108239494553367,-6.643893921201719,-7.17954834785007,-7.715202774498436,-8.0,-8.0
0.7647771800110988,13.777632060841752,0.0,-8.0,6.975777903258334,4.250772526797444,2.244942583887442,0.8687331020600366,-0.1529395837473806,-0.9992576104683548,-1.77656669382674,-2.5431701545116963,-3.308195862001791,-4.072976125135795,-4.837753544489505,-5.602530724500616,-6.3673079045117,-7.132085084522809,-7.896862264533896,-8.0,-8.0,-8.0,-8.0,-8.0
0.2807925111383106,5.343308568412857,0.0,4.1595561736021915,2.950659592232509,1.994017015610063,1.2501286790024524,0.6708050478887385,0.19163417932238416,-0.22126257113683911,-0.5913190469501919,-0.9135936616400318,-1.2326645488652983,-1.5270930945255665,-1.8134613776953747,-2.0997436636500195,-2.3816105109526413,-2.6631690710214873,-2.944665605434575,-3.225558901031878,-3.5064521879537716,-3.787321295928245,-4.068117150058569,-8.0
0.8320014035578669,14.823144926987142,0.0,-8.0,7.455377675664028,4.507321904831876,2.3444624125691513,0.8755400099208995,-0.20813221829925954,-1.1106206721744578,-1.9523894904094166,-2.785668342685755,-3.6178087765861497,-4.449811810780539,-5.281813314247868,-6.113814717805741,-6.945816121363612,-7.777817524921463,-8.0,-8.0,-8.0,-8.0,-8.0,-8.0
0.17786502623464928,9.926029300698286,0.0,-8.0,7.008686477841349,5.686706437173292,4.5192406701514924,3.509262087539695,2.658549851090987,1.9625594254065755,1.400140759887285,0.9477198956830406,0.5608484168448082,0.2253731624114833,-0.048179025558781285,-0.31622230739809365,-0.5688337878139028,-0.7782169957716744,-0.9826180368443179,-1.1867270157264227,-1.3885895187963275,-1.573172641864934,-1.7658563028121308,-8.0
0.4681674742062921,10.470986040655198,0.0,-8.0,5.80888578865713,3.8839124257895032,2.3948005704993083,1.2970323716255536,0.46754030968467303,-0.19619784907143933,-0.7440394525578593,-1.2591765616847155,-1.7365494399295955,-2.209191451908574,-2.678633768313114,-3.147094262707765,-3.615400084326593,-4.083569536282794,-4.551738128306001,-5.019905749515189,-5.488073258866086,-5.956240733072384,-6.424408207278669,-8.0
0.12054491279530305,12.95626608156755,0.0,-8.0,-8.0,-8.0,7.599676436945997,6.47044424052981,5.4411714512517255,4.513896669175639,3.690587426951452,2.972670085087313,2.360735809835072,1.8491508734111792,1.421498392724124,1.0601915239925763,0.7685377010502532,0.493891610212716,0.24654454858753308,0.0430150277928478,-0.15738956914349034,-0.38109619222177693,-0.6700775234980392,-8.0
0.5532724589566188,8.505849343629242,0.0,6.348210169730033,4.1465344701158084,2.462147889487846,1.2447497438261315,0.340794412555853,-0.38758740108321055,-1.0144824293550876,-1.5807704547935568,-2.1399101892978294,-2.6945753217270383,-3.24804632084469,-3.801391538744908,-4.354665912880777,-4.907938545562973,-5.461211048098825,-6.014483507055452,-6.567755966012068,-7.121028424968682,-7.674300883925311,-8.0,-8.0
0.6768628669766451,14.417727569824732,0.0,-8.0,7.769793546606341,5.03440605008926,2.93283239956226,1.4405086090995476,0.36496397898064936,-0.47986286590771543,-1.2128954395962348,-1.8999827975239905,-2.5785567969949996,-3.255662531848896,-3.9325521735341895,-4.609415998311269,-5.286278963795193,-5.963141830771833,-6.640004697748481,-7.316867564725139,-7.993730431701778,-8.0,-8.0,-8.0
0.10205303482739393,6.705620350057588,0.0,5.837607673743485,4.951880245354343,4.152209655759662,3.440149378140756,2.816540261572463,2.2808148132400645,1.8293189302553812,1.4480258842590963,1.119504725524417,0.8530688012058827,0.6085524481022916,0.3798852593586889,0.17665748829811256,0.014262404523186882,-0.1441418755658509,-0.301995577584938,-0.45830697497188766,-0.6102979976325804,-0.7501865877474596,-0.9542428319315408,-8.0
0.9848653182399711,8.54281851713294,0.0,5.847686488181697,3.096969057367502,1.2278780191948033,-0.0619648877068939,-1.1192921168661039,-2.111670143378392,-3.097102866258934,-4.08197130155355,-5.066836787204857,-6.051702105444831,-7.036567423684787,-8.0,-8.0,-8.0,-8.0,-8.0,-8.0,-8.0,-8.0,-8.0,-8.0
0.5578519177229544,10.284760937192681,0.0,7.824522796963154,5.314075623484883,3.3213794136228323,1.8439354337152856,0.7915032953368276,-0.0040926207239805334,-0.6700720519893838,-1.2749308959797745,-1.8436271617718878,-2.4029992640301936,-2.9616145969448042,-3.5196391954014308,-4.07749346973955,-4.635346206495333,-5.193198251952563,-5.751050169675526,-6.308902087398475,-6.8667540051214235,-7.42460592284438,-7.982457840567349,-8.0
0.37008106333270974,11.272546957124684,0.0,-8.0,6.861060774806656,4.965201121342436,3.4080639702272593,2.190317340544689,1.2698178035717178,0.5575060796284415,0.008193288022994275,-0.4877730678918582,-0.9109559266762243,-1.3194028360036087,-1.6968180312559356,-2.0733814989841464,-2.444472422178116,-2.815561056150566,-3.1858084802404214,-3.556022338548315,-3.9261311573452398,-4.29621378406651,-4.66629566342222,-8.0
0.7316269592050073,14.795001984098782,0.0,-8.0,7.815672583562022,4.965379646094293,2.802074194427451,1.2819717303443212,0.19198368232721663,-0.668803602115318,-1.4332275305824016,-2.1706902375755877,-2.9032807642692307,-3.6350402199467786,-4.36666910339593,-5.0982962201340865,-5.829923179339092,-6.561550138544098,-7.293177097749105,-8.0,-8.0,-8.0,-8.0,-8.0
0.4134092930010915,5.075215720303729,0.0,3.737555924716076,2.3695739468297266,1.3466104653712054,0.5673571148278351,-0.03465560061145834,-0.562980188774633,-1.0330838927682358,-1.4691643821202454,-1.8906778269182791,-2.3067771740662484,-2.721312317562104,-3.135023504810488,-3.5485811344491776,-3.962005645742593,-4.375416685167005,-4.788826151671873,-5.20223556956957,-5.615644862570653,-6.02905415557175,-6.442463448572846,-8.0
0.9151351577588231,5.049079536342909,0.0,3.2707314533255083,1.413156952902077,0.12383521456439495,-0.8880558958674273,-1.8154790826366058,-2.7320481938377443,-3.6473122719179667,-4.5624486459570255,-5.477583842154081,-6.39271899991291,-7.307854157671724,-8.0,-8.0,-8.0,-8.0,-8.0,-8.0,-8.0,-8.0,-8.0,-8.0
0.8380454594321126,7.153502482972818,0.0,4.9100259518275395,2.618854030147385,1.0460808351198285,-0.07604948693436486,-0.9972640788632281,-1.8468621698463101,-2.6864217329751714,-3.524639283891728,-4.362686716555886,-5.200732301356613,-6.038777760788726,-6.876823220220839,-7.714868679652951,-8.0,-8.0,-8.0,-8.0,-8.0,-8.0,-8.0,-8.0
0.7832320046277005,7.499628030589517,0.0,5.2360325041921865,2.9251815262922034,1.3106422556747754,0.16235029574748766,-0.7392855870357262,-1.5440236120461373,-2.3305519875458396,-3.1142675765396013,-3.8975392199560015,-4.680771936750321,-5.464003984080283,-6.2472359887079785,-7.030467993335677,-7.813699997963382,-8.0,-8.0,-8.0,-8.0,-8.0,-8.0,-8.0
0.8342981097634776,14.081523412830796,0.0,-8.0,6.944002936251239,4.116948499059137,2.07454060006529,0.6839361684692032,-0.3647310369153677,-1.2536995013090393,-2.095374610675689,-2.9306085468439327,-3.7649935085683754,-4.599292665153078,-5.4335908271684525,-6.267888936931936,-7.102187046695415,-7.9364851564588985,-8.0,-8.0,-8.0,-8.0,-8.0,-8.0
0.5457895730565182,5.62342595512169,0.0,4.019273427793365,2.379460404371679,1.1937210836584153,0.3099798587579144,-0.4057023300329248,-1.0240971503998573,-1.5825601668126748,-2.134290880948164,-2.6815013295425505,-3.2274867614570404,-3.7733590014941134,-4.319150626260794,-4.864940370693321,-5.410730003179926,-5.9565195762364525,-6.502309149292964,-7.04809872234949,-7.593888295406002,-8.0,-8.0,-8.0
0.36268883424289966,8.84376167483563,0.0,6.984627616868164,5.087551883322921,3.521672298593949,2.289389080850137,1.3559739202518517,0.6424542450141104,0.07933734513044079,-0.42298711357020935,-0.8388285108200677,-1.2476659126134606,-1.6175569112767414,-1.9873446433500912,-2.3518302584695983,-2.715507228524098,-3.078613024258713,-3.4414320166484886,-3.8041918118165077,-4.166882178221415,-4.529572183839976,-4.892261240310307,-8.0
0.19077104497591924,6.593316698491879,0.0,5.437911786946899,4.258924646551846,3.2502652650071493,2.4134828614316906,1.7411563229843812,1.1929703411056867,0.7624508777583864,0.3776318415457053,0.06616634169384354,-0.22261996625320413,-0.49718483243364797,-0.731911941338576,-0.9511411428950627,-1.1700347980269936,-1.3863475065285205,-1.582808161716839,-1.7773685548531888,-1.9719287426655465,-2.1664783883283527,-2.3604867581536704,-8.0
0.22295776851366256,12.785359181883699,0.0,-8.0,-8.0,7.302905821774555,5.781034593677511,4.455610955278361,3.3303986619908685,2.4074823098250224,1.6788867012693134,1.0942707222165917,0.6209825115507669,0.21917831973132415,-0.118478202982502,-0.4397776327183621,-0.7152568207035326,-0.9712916169762625,-1.2257125766258992,-1.467720272745202,-1.6951078122421195,-1.9225498518707476,-2.152790144761717,-8.0
0.19438069611670758,11.644283168264765,0.0,-8.0,-8.0,6.774370709409414,5.416273570288772,4.228805152442146,3.2151620013900537,2.376485522149361,1.7057098757258216,1.1589857403368222,0.7242253663319534,0.3383930984972023,0.031095099159330314,-0.2620413238333733,-0.5386804115869541,-0.7691064045126862,-0.9924233526835058,-1.2149944092456377,-1.4318282375338263,-1.6302560156220292,-1.8380492811471516,-8.0
0.5767852834123652,14.373104441869797,0.0,-8.0,-8.0,5.546557333582206,3.4681560321933382,1.9241174340129554,0.8283083736595135,0.005539003727619655,-0.6793951593380614,-1.300694996041993,-1.887638868311524,-2.4659953533635175,-3.043357710754926,-3.620280070108299,-4.197067790116418,-4.7738533568823005,-5.350638718593226,-5.927424002005581,-6.504209285417964,-7.080994568830319,-7.657779852242674,-8.0
0.5309525380600212,9.14980394225229,0.0,6.918399798815142,4.641455855555495,2.858588249748262,1.5584375036285327,0.6001123656150069,-0.14984703062599236,-0.7633391224319038,-1.3342105503534514,-1.875401649174754,-2.407801284851481,-2.9395596984700303,-3.4707021554976265,-4.001656936539689,-4.532610686927646,-5.06356339170485,-5.594515931486873,-6.125468469546896,-6.656421007606919,-7.187373545666941,-7.718326083726963,-8.0
0.7467542610796534,14.622536992959542,0.0,-8.0,7.6312737654051475,4.790266566167208,2.6514542210072425,1.1554088804199254,0.08220664459708088,-0.7709923215242784,-1.5390979830983218,-2.2897337225450287,-3.037140709813407,-3.7839747227601803,-4.5307302712819935,-5.277484633630335,-6.024238894709981,-6.770993155789643,-7.5177474168692875,-8.0,-8.0,-8.0,-8.0,-8.0
0.6194922328334181,6.117579823440106,0.0,4.327040326729675,2.49771473696017,1.1930309408522728,0.23642086439886717,-0.531743337727057,-1.2069611566690281,-1.8375674676986637,-2.458746936614795,-3.078747945808043,-3.698349753406744,-4.317844066201938,-4.9373364935536905,-5.556828739942764,-6.176320972776176,-6.795813205609594,-7.415305438443012,-8.0,-8.0,-8.0,-8.0,-8.0
0.6232421932466381,14.521749617586469,0.0,-8.0,-8.0,5.375884586364863,3.265922726964433,1.7333675744237433,0.6375362615562978,-0.2111966536331491,-0.917663735911206,-1.5578106163482122,-2.1863320143565628,-2.810717596631678,-3.434163054584993,-4.0574078806834,-4.6806507363343615,-5.30389302255757,-5.927135215804214,-6.550377409050837,-7.173619602297475,-7.79686179554412,-8.0,-8.0
0.32016225738594817,14.0621368932199,0.0,-8.0,-8.0,7.241169820654176,5.4207730168042,3.8898774730507717,2.6526628741432323,1.7023280580716345,0.9742473920921885,0.3829806927207591,-0.09104425250126458,-0.5220514958151834,-0.8893923782120113,-1.252279610330969,-1.5809103794482602,-1.9073803575702195,-2.2312437976938684,-2.5522796987401333,-2.873313581688977,-3.193605883492534,-3.5139461676517167,-8.0
0.7594841058814887,7.605287305408569,0.0,5.346577784724764,3.041034200695788,1.4221491385026104,0.2693879163749683,-0.6315244821718146,-1.4252274587012514,-2.1902943739147176,-2.9506401442681165,-3.7102302037846457,-4.469715839698894,-5.22920006201024,-5.9886841678917335,-6.748168273773221,-7.507652379654713,-8.0,-8.0,-8.0,-8.0,-8.0,-8.0,-8.0
0.36052158997882766,9.6798732067322,0.0,7.715146331196848,5.7103229888138785,4.032460492869404,2.686516156985927,1.6655915149278615,0.8971679747501917,0.2778463973555615,-0.24005903949024454,-0.6809299155570039,-1.0910810518561824,-1.4728202121510399,-1.8404462195872275,-2.2052152342783633,-2.566720028382798,-2.928013599783029,-3.288664590002679,-3.6493120483012387,-4.009835161288194,-4.370358274270971,-4.730880407438479,-8.0
0.622470413579474,7.686228175262917,0.0,5.571575986483488,3.4135492221642196,1.8330885189296215,0.713147452367554,-0.1489377039214338,-0.8553493990254025,-1.5010066072617625,-2.1297033144912922,-2.7534521395669125,-3.3761458965339073,-3.998619429222188,-4.621090737869681,-5.2435612633696325,-5.866031676949112,-6.488502090528579,-7.11097250410806,-7.73344291768753,-8.0,-8.0,-8.0,-8.0
0.5717656831529928,14.425953598945474,0.0,-8.0,-8.0,5.612053730900591,3.5294927476982045,1.9771184179666794,0.8724892673446786,0.0436017003719665,-0.6441670481693129,-1.2643768622229725,-1.8469688693478208,-2.42029241455196,-2.992752933745194,-3.5646753876852473,-4.136443486230119,-4.708209707856202,-5.279975491495717,-5.85174117464871,-6.423506857801693,-6.995272540954694,-7.567038224107683,-8.0
0.4473422455568503,13.711109068871162,0.0,-8.0,-8.0,5.979983580786837,4.06089419460716,2.5570327938677546,1.4416035558463798,0.6030070224810151,-0.04361893589094823,-0.6018616450611687,-1.1089649635265693,-1.5686335174795591,-2.023504685421969,-2.4720665388271,-2.92023031656116,-3.3677330926282223,-3.8151427737834664,-4.262486909112678,-4.709829647739458,-5.157172032342711,-5.604514277899545,-8.0
0.8406991038192396,5.533992338062362,0.0,3.681294450718311,1.775987075206722,0.45398033555615513,-0.5559650391801387,-1.4317229017277036,-2.2767758235438937,-3.117970375195607,-3.958687678830202,-4.799387036436019,-5.640086140255255,-6.480785244074491,-7.321484347893728,-8.0,-8.0,-8.0,-8.0,-8.0,-8.0,-8.0,-8.0,-8.0
0.1260142063186748,11.711396250721766,0.0,-8.0,-8.0,7.728723747992631,6.561788178363538,5.499623489763216,4.54436656948879,3.698087651433922,2.9622811818484367,2.337235409076081,1.8176941822956043,1.3830251731017489,1.0198980085341425,0.7194215860549822,0.4393931198216896,0.19218557006614476,-0.004086058429749073,-0.200894383312346,-0.3992061268169649,-0.6017293157664538,-0.8440701742210754,-8.0
0.271886655972201,13.707151744538866,0.0,-8.0,-8.0,7.456637610683699,5.751773413458828,4.289548975888106,3.074275317977822,2.103878020275112,1.347616190536718,0.7696534781334384,0.2783722682564628,-0.12875696434940476,-0.5076046950977844,-0.8198496220752701,-1.1302762454632964,-1.4267168920116025,-1.7040032743280933,-1.9812466753564375,-2.2562832463077673,-2.528913536628545,-2.8021734860333916,-8.0
0.5993048803623,13.958748280251447,0.0,-8.0,7.761402603358785,5.1790885055121105,3.155188808992547,1.6852180090482225,0.625334728822352,-0.19884604509053072,-0.8790218267345339,-1.5010623698474352,-2.1069126356547354,-2.707595950024285,-3.3071158736750967,-3.9064564540081235,-4.505762673148364,-5.105067708917643,-5.704372589279935,-6.303677469642248,-6.902982350004537,-7.5022872303668535,-8.0,-8.0
0.966792868955503,5.667021396980939,0.0,3.685239566384353,1.645621557683974,0.23980283046901396,-0.8310567645525025,-1.8103637016023046,-2.778499303574921,-3.7453865363552117,-4.71218002749801,-5.67897289645352,-6.64576576540902,-7.612558634364517,-8.0,-8.0,-8.0,-8.0,-8.0,-8.0,-8.0,-8.0,-8.0,-8.0
0.1629566586787604,11.521521406814383,0.0,-8.0,-8.0,7.061746614678765,5.7923223350539175,4.663272896545115,3.6773429464666085,2.836389813412939,2.1381406914266647,1.5783578005193206,1.1114984379144963,0.7371896530954875,0.3979493693209708,0.1149973683432966,-0.13544064146802315,-0.38049742894068694,-0.6104800887060853,-0.7982364080905056,-0.9859107981916285,-1.1760339554063082,-1.3849924712129582,-8.0
0.9297754160588224,10.595241977741312,0.0,7.535797979441817,4.413914427919503,2.169981831952346,0.6608647821132796,-0.46952328350496264,-1.4356307474516843,-2.3682371254315853,-3.2982652871294627,-4.228043231738891,-5.157818786641027,-6.087594202699846,-7.017369618758672,-7.947145034817482,-8.0,-8.0,-8.0,-8.0,-8.0,-8.0,-8.0,-8.0
0.5185949276811079,5.2781466328472915,0.0,3.7771508405526073,2.239908005693047,1.124699386717281,0.2853709223130649,-0.40041818876315594,-0.9888320197474945,-1.5258631130328604,-2.0517088267463133,-2.571716238538039,-3.0907553836928474,-3.609490967042573,-4.128088085499824,-4.64668377555231,-5.165278839734288,-5.683873767415397,-6.202468695096507,-6.721063622777616,-7.239658550458725,-7.758253478139834,-8.0,-8.0
0.8370363621311798,11.998455468334736,0.0,-8.0,5.546097810792085,3.0742989642914864,1.3560377723820625,0.14416170119383573,-0.7984242025612103,-1.650305058125702,-2.489320846654173,-3.3265995160349835,-4.163638629447573,-5.000675179764627,-5.8377115418958105,-6.674747904026987,-7.511784266158163,-8.0,-8.0,-8.0,-8.0,-8.0,-8.0,-8.0
0.9201375200316411,13.250872441968095,0.0,-8.0,6.110594448146532,3.3694787863182496,1.4768128037707173,0.1623860334948382,-0.8579417810902225,-1.7907946652412106,-2.712414321323326,-3.6326859689356232,-4.552824744451937,-5.4729623043729445,-6.393099824404567,-7.313237344436213,-8.0,-8.0,-8.0,-8.0,-8.0,-8.0,-8.0,-8.0
0.384656741901793,12.404756535292044,0.0,-8.0,7.644779943740666,5.584196428789575,3.8740172436616973,2.5193063435114285,1.4999521092646915,0.7362062368938812,0.1277320921351054,-0.40404686755858565,-0.8444068042165072,-1.2728630841648665,-1.665144090569318,-2.0566041176681424,-2.4423104104421975,-2.827984120635607,-3.2127789268253615,-3.597573686337176,-3.9822383510482955,-4.366896717911183,-4.75155391566766,-8.0
0.9667482562016737,14.36498310002868,0.0,-8.0,6.697237842794882,3.7319825837023988,1.675882361060937,0.2599297397416138,-0.8128974156220636,-1.7924597173395709,-2.7605929972756384,-3.727441979811804,-4.694190934194627,-5.66093919039631,-6.6276874465979745,-7.594435702799649,-8.0,-8.0,-8.0,-8.0,-8.0,-8.0,-8.0,-8.0
